사업장명,도로명전체주소,소재지전화
한국안마센터,"경상남도 고성군 고성읍 중앙로25번길 76, 2층",055-674-7789
사계절 건강 지압원,경상남도 사천시 벌리2길 7 (벌리동),
의령지압안마원,"경상남도 의령군 의령읍 의병로17길 3-1, 1층 102호",
참사랑안마원,"충청남도 태안군 태안읍 중앙로 31-2, 2층",674-1577
온천안마시술소,충청남도 예산군 덕산면 덕산온천로 324-7,041-338-1682
예산건강 안마원,충청남도 예산군 예산읍 주교로 73,041-335-1230
길안마원,충청북도 옥천군 옥천읍 금장로 53-10,
건강중앙안마원,"충청북도 제천시 풍양로 108 (중앙로1가, 중앙시장상가)",043-646-6258
라파엘안마원,충청북도 음성군 음성읍 중앙로124번길 16,872-3500
약손지압안마원,충청북도 음성군 음성읍 설성로 124,873-7579
한성웰빙안마원,"충청북도 제천시 의림대로33길 70, 덕일한마음아파트 상가9동 1층 107호 (청전동)",043-644-7525
훈이안마원,충청북도 제천시 용두천로 154 (교동),043-653-3748
남대현안마원,충청북도 제천시 숭문로14길 4-1 (의림동),642-7711
제천보건안마센터,충청북도 제천시 의림대로 182 (중앙로2가),043-651-8889
신의한손안마원,"서울특별시 은평구 통일로 803-1, 2층 (대조동)",356-7445
청솔안마원,"서울특별시 은평구 은평로13길 5-14, 4층 402호 (응암동, 삼부하이빌)",02-546-8557
오션안마시술소,"서울특별시 은평구 통일로 830, 지하1층 (불광동, 파레제페빌딩)",02-382-5111
약손플러스건강안마원,서울특별시 용산구 대사관로31길 7-10 (한남동),02-6389-7575
세명안마원,"서울특별시 용산구 후암로 33, 지하1층 (후암동)",02-3789-0330
도원안마시술소,서울특별시 은평구 증산로 465 (신사동),02-3151-0777
양천안마지압원,"서울특별시 양천구 중앙로45길 8-30 (신정동, 2층)",02-2696-8280
건강안마원,"서울특별시 양천구 월정로 33 (신월동, 지층)",2690-3707
담손정통지압안마원,"서울특별시 양천구 목동중앙북로 38, 지하114호 (목동, 목동롯데캐슬위너상가동)",
정지압안마원,서울특별시 중구 동호로12길 60 (신당동),2233-2421
북창지압안마원,"서울특별시 중구 남대문로1길 26-3, 3층 (북창동)",
건강플러스지압안마원,"서울특별시 영등포구 당산로 122, 121호 (당산동3가, 우미빌딩)",
서울보건안마원,"서울특별시 영등포구 당산로 214, 지하1층 (당산동5가, 당산삼성래미안 상가)",2069-1114
드라마안마시술소,"서울특별시 영등포구 여의대방로65길 12, 4,5층 (여의도동)",02-761-1566
드림안마시술소,"서울특별시 영등포구 경인로 832, 2층 (영등포동)",2633-2217
낙원지압원,"서울특별시 중구 퇴계로16길 35-21, 1층 (남산동1가)",753-3412
전통안마지압원,"서울특별시 중구 퇴계로88길 61, 3층 (신당동)",2238-8085
스타안마시술소,"서울특별시 양천구 신목로 96, 1,2,3,4층 (목동)",02-2643-4546
약손365안마원,"서울특별시 양천구 목동중앙북로7길 13, 3층 (목동)",2655-2200
정주안마원,서울특별시 양천구 오목로24길 17-1 (신정동),2608-9032
새아침안마원,서울특별시 양천구 신월로 309-1 (신정동),2695-6666
라파안마원,"서울특별시 양천구 중앙로 237, 5층 507호 (신정동)",2647-7975
약수안마원,"서울특별시 중구 동호로10길 30, 3층 305호 (신당동, 약수하이츠상가동)",02-2233-3040
정통안마원,"서울특별시 양천구 오목로 232, 3층 (신정동)",2558-6556
안성지압안마원,"경기도 안성시 장기로 118, 102호 (낙원동)",031-8057-2103
금왕지압안마원,"충청북도 음성군 금왕읍 금석로 53-2, 2층",043-878-0611
플러스지압안마원,"경기도 부천시 상동로 84, 영플러스 206호 (상동)",032-225-7587
새봄 안마원,"강원도 원주시 예술관길 25, 2층 202호 (명륜동, 명륜2단지아파트)",
맑은손안마원,"서울특별시 마포구 양화로3길 37, 2층 (합정동)",02-336-8753
더 바디 테라피,"울산광역시 북구 명촌5길 5-3, JH빌딩 2층 (진장동)",289-5111
홀리스틱건강지압원,"광주광역시 광산구 장신로147번길 6, 수완제일프라자 3층 302호 (수완동)",062-954-2250
기장지압안마원,"부산광역시 기장군 기장읍 대청로22번길 19, 1층",517233631
몸사랑경락안마원,"경상북도 구미시 상사서로 223, 1층 (사곡동)",054-463-8259
참편한안마원,강원도 춘천시 충혼길44번길 14(온의동),255-7175
생활안마원,"세종특별자치시 조치원읍 새내로 88, 3층",044-866-5480
나은힐링안마원,"경기도 용인시 기흥구 죽전로 29, 포레스트프라자 7층 (보정동)",
광안건강안마원,"부산광역시 수영구 광안로7번길 8, 3층 (광안동)",051-728-1844
온누리안마원,강원도 원주시 관설안길 26 (관설동),
드림안마원,"강원도 원주시 원일로 19, 1층 (원동)",033-765-6061
약손안마원,"경기도 여주시 청심로 106, 1층 (하동)",031-882-0975
여주경락지압안마원,경기도 여주시 청심로 116-1 (하동),318850177
클린안마원,"전라남도 무안군 무안읍 무안중앙로 13, 현대사진관 2층",
구구팔팔안마지압원,"광주광역시 동구 중앙로196번길 19, 4층 (궁동)",062-222-9898
강화안마원,"인천광역시 강화군 강화읍 중앙로 43, 202호",
가고파안마원,경상북도 경주시 태종로699번길 20-1 (노서동),
예손지압안마원,"서울특별시 양천구 월정로 22, 지층 (신월동)",02-6339-8275
허준안마원,"대구광역시 중구 중앙대로79길 13, 평강빌딩동 201호 (남일동, 근린생활시설)",053-254-7579
약손지압안마원,"대구광역시 중구 태평로 177 (태평로1가, 태평라이프아파트)",534257695
영광안마원,대구광역시 중구 중앙대로79길 13 (남일동),053-253-1889
제일안마원,"대구광역시 동구 율하동로23길 38, 1층 (율하동)",053-290-0116
참좋은안마원,"대구광역시 동구 동촌로 245, 5층 (방촌동)",053-262-9378
서울안마시술소,"대구광역시 북구 동천로 128-7, 4층 (동천동)",053-321-0272
시원안마시술소,대구광역시 북구 동천로 128-8 (동천동),313-0216
휴앤케어안마원,"대구광역시 북구 매전로 80, 2층 (태전동)",311-2002
장미안마시술소,"경상북도 안동시 경동로 723 (법흥동,227-14)",859-2227
가고파안마원,경상북도 안동시 경동로 715 (법흥동),859-8855
수궁안마시술소,"인천광역시 서구 완정로117번길 41 (왕길동, 3층)",563-9096
궁안마시술소,인천광역시 서구 탁옥로 31 (심곡동),032-568-8575
국가명인지압안마원,"인천광역시 서구 심곡로 81, 201호 (심곡동, 국제빌딩)",032-561-7123
석남약손안마원,"인천광역시 서구 가정로 301, 2층 (석남동)",032-577-7582
김영수지압안마원,인천광역시 서구 서달로 14-8 (석남동),032-431-7358
참존안마원,"인천광역시 서구 청라에메랄드로102번길 8-22, 403호 (청라동, 미라클프라자)",032-566-5560
아나파전통안마원,"인천광역시 남동구 백범로 376 (간석동, 도시타워)",446-1269
새아침안마원,"인천광역시 남동구 장승남로 36 (만수동, (305호))",464-7475
남동구100세안마원,"인천광역시 남동구 호구포로810번길 44, 2층 202호 (구월동)",032-462-2669
간석힐링안마원,"인천광역시 남동구 경인로644번길 69, 2층 (간석동)",431-7533
굿안마원,"인천광역시 남동구 만수로 21, 2층 (만수동)",032-289-3535
참조은지압안마원,"인천광역시 부평구 경원대로 1264, 4층 (부평동)",032-434-8484
해피안마원,인천광역시 부평구 원길로 34 (청천동),032-503-0191
국민건강안마원,"인천광역시 부평구 수변로 13, 3층 (부개동)",032-208-8890
리앤드안마원,"인천광역시 부평구 경원대로1367번길 18, 2층 (부평동)",032-330-4400
부평약손안마원,"인천광역시 부평구 부평대로167번길 33, 2층 201호 (부평동)",032-511-1600
하와이안마시술소,"인천광역시 남동구 성말로 9 (구월동, 이노프라자 403호)",422-1380
딸기안마시술소,"인천광역시 남동구 인하로 497-23 (구월동, 지상5층)",032-421-1307
수안마원,"인천광역시 남동구 논고개로 120 (논현동, 논현프라자 502호)",432-9823
펄안마시술소,전라북도 군산시 부곡3길 22 (나운동),461-1444
통증잡는백경안마원,"전라북도 군산시 월명로 233, 204호 (수송동, 효원월드타워)",063-468-1444
큐안마시술소,전라북도 군산시 하나운안1길 8-3 (나운동),063-467-8113
행복안마원,전라북도 군산시 팔마로 77 (서흥남동),
제일경락안마원,"전라북도 군산시 대학로 342, 동아26빌딩 8층 809호,810호,811호,812호 (나운동)",063-466-9980
건강회생안마원,"전라북도 군산시 나운로 4, 군산현대코아백화점 213,214호 (문화동)",063-443-1331
제일안마원,충청남도 논산시 시민로 415 (취암동),
논산썬안마시술소,충청남도 논산시 중앙로410번길 7-9 (취암동),041-735-8573
논산건강안마원,충청남도 논산시 해월로 190-1 (반월동),041-733-7003
논산보건안마원,충청남도 논산시 계백로1074번길 7-5 (취암동),041-736-0210
금산보건지압안마원,"충청남도 금산군 금산읍 후곤천길 82, 홈마트",041-754-0770
부여평안안마,"충청남도 부여군 부여읍 사비로99번길 8-8, 2층",041-836-3511
엄마안마원,충청남도 계룡시 엄사면 엄사중앙로 105-1,042-840-7364
서천보건센터안마원,충청남도 서천군 서천읍 서천로 57,041-953-7553
가자청양보건안마원,충청남도 청양군 청양읍 중앙로열길 3-1,943-6963
김선배 안마원,"충청남도 청양군 청양읍 중앙로5길 31, 위너스빌 가동 101호",041-942-0591
시마안마,충청남도 당진시 송악읍 반촌로 168-1 (시마안마),041-352-8070
일등보건안마원,충청남도 당진시 당진중앙3로 72 (읍내동),041-357-3962
홍주늘푸른안마원,충청남도 홍성군 홍성읍 조양로151번길 48,
빈안마시술소,충청남도 천안시 서북구 성정공원3길 23 (성정동),041-555-3345
천안보건안마센터,"충청남도 천안시 서북구 봉정로 221, 3층 (성정동)",041-523-9988
몸사랑안마센터,충청남도 천안시 서북구 쌍용15길 5 (쌍용동),070-7519-5009
오철현바우처안마센터,"충청남도 천안시 동남구 봉서8길 13, 상가동 202호 (봉명동)",576-1058
백석보건안마센터,"충청남도 천안시 서북구 백석3로 134, 202호 (백석동, 대건프라자)",041-568-0088
신보철지압안마센터,"충청남도 천안시 서북구 쌍용11길 16, 2층 (쌍용동)",
최재민보건지압안마원,충청남도 홍성군 홍성읍 의사로52번길 17,
홍성보건안마원,"충청남도 홍성군 홍성읍 조양로 188, 2층",041-631-8866
보령건강센터안마원,충청남도 보령시 원동2길 42 (대천동),041)932-7554
황제안마시술소,충청남도 보령시 목장2길 31 (대천동),
대천안마원,"충청남도 보령시 대흥로 53, 2층 (대천동)",931-6667
해바라기안마원,"충청남도 보령시 대흥로 76, 1층 (대천동)",041-931-7154
약손물리안마원,"충청남도 아산시 충무로 58, 1층 (권곡동)",
사랑안마원,"충청남도 아산시 충무로40번길 4, B동 1층 (온천동)",
아산건강안마원,"충청남도 아산시 청운로 69, 2층 (온천동)",548-8338
스머프안마시술소,"충청남도 아산시 배방읍 희망로46번길 46-8, 4,5층",070-8892-0260
맑은손안마원,충청남도 아산시 삼동로86번길 25-17 (권곡동),041-549-6226
아산안마시술소,충청남도 아산시 충무로8번길 19 (온천동),545-6011
뉴펄안마시술소,"충청남도 아산시 배방읍 고속철대로 77, 4,5층 (MS프라자)",
온양보건안마원,"충청남도 아산시 신정호길38번길 64 (방축동, 1층)",041-544-0055
장수안마원,"충청남도 아산시 충무로 40, 온양빌딩 2층 (온천동)",041-549-7975
곽노학바우처안마원,"충청남도 아산시 어의정로65번길 28, 삼미공사 (온천동)",
삐에로안마시술소,충청남도 천안시 서북구 차돌들길 8 (쌍용동),041-592-2111
포인트안마시술소,"충청남도 천안시 서북구 양지10길 60 (성정동,1,2,3,4층)",576-7942
힐링조이천안건강안마센터,"충청남도 천안시 서북구 미라12길 4 (쌍용동,1층)",041-573-8890
김성기지압안마원,"충청남도 천안시 동남구 봉정로 35 (봉명동,2층)",571-1180
이브안마시술소,충청남도 천안시 서북구 검은들1길 20 (불당동),041-522-4954
주민보건안마센터,충청남도 천안시 서북구 봉명로 18 (쌍용동),041-572-9730
호두안마시술소,충청남도 천안시 서북구 봉정로 125-1 (성정동),041-579-5879
콜라안마시술소,"충청남도 천안시 서북구 성정공원5로 63 (성정동, 리치프라자2)",902-9090
일침당안마시술소,충청남도 공주시 금성길 8-4 (금성동),855-1296
공주건강안마센터,충청남도 공주시 봉황로 150 (교동),041-852-9878
건강약손안마원,"충청남도 서산시 시장2로 32, 1층 (동문동)",041-663-9297
건강백세안마원,"충청남도 서산시 시장6로 38 (동문동, 서성빌딩4층)",664-9987
힐링안마원,충청남도 서산시 해미면 서문4길 35,041-688-7599
가나안보건안마원,충청남도 서산시 대사동4길 2 (동문동),041-667-6608
두드림안마원,"충청남도 천안시 동남구 청수14로 102, 608호 (청당동)",041-566-1275
삼손안마원,충청남도 공주시 신관로 69-11 (신관동),041-881-3642
태양보건바우처지압 안마원,"충청남도 천안시 동남구 중앙로 65, 2층 (영성동)",041-522-4646
엔돌핀안마원,"경기도 오산시 오산로 347, 2층 (궐동, 보화빌딩)",031-376-7579
로또안마시술소,경기도 이천시 중리천로97번길 53 (창전동),634-8323
양평헬스케어안마원,경기도 양평군 지평면 지평로 398,773-7687
가능안마원,경기도 의정부시 가능로74번길 39-18 (의정부동),031-871-5015
건강약손지압안마원,"경기도 의정부시 가능로 78, 2층 (의정부동)",856-8822
힐링스토리안마원,"경기도 의정부시 외미로 104-12, 4층 (호원동, 유타상가)",873-0153
킹안마시술소,"경기도 의정부시 둔야로 20, 중앙오피스텔 3층 (의정부동)",826-1213
건강 지압 안마원,경기도 여주시 대신면 여양로 1484,031-883-8799
나이스안마시술소,"경기도 여주시 여흥로 88, 3,4층 (창동)",318853179
큐안마시술소,"경기도 포천시 소흘읍 솔모루로 84, 2,3층",031-543-6969
대산안마원,"경기도 포천시 영북면 영북로 219, 1층",031-532-0982
솔모루지압안마원,경기도 포천시 소흘읍 송우로 65,
휴 안마시술소,"경기도 포천시 소흘읍 솔모루로 106, 4층",
신데렐라안마시술소,"경기도 의정부시 둔야로17번길 32, 5,6층 (의정부동, 삼승빌딩)",877-1960
시온안마원,"경기도 의정부시 청사로 41, 402호 (금오동, 금오삼성프라자)",031-853-5675
맑은손안마원,"경기도 의정부시 시민로 134, 2층 (의정부동)",031-878-9888
덕구안마시술소,경기도 의정부시 신흥로239번길 9 (의정부동),031-829-7767
브이(V)안마시술소,"경기도 의정부시 청사로 37, 신세계프라자 9층 901호 (금오동)",031-853-6464
행복한지압안마원,"경기도 의정부시 오목로225번길 141, 206호 (민락동)",852-0688
오엠티(OMT)안마원,"경기도 의정부시 평화로 220, 212호 (호원동, 브랜드상설매장)",031-877-1275
황토마을 지압안마원,"경기도 의정부시 평화로484번길 7, 202호 (의정부동)",031-872-9257
늘사랑약손안마원,"경기도 의정부시 평화로 360, 상가동 210,211,212호 (호원동, 우성아파트)",031-837-7075
성심무병프로젝트지압안마원,"경기도 의정부시 추동로5번길 23, 지층 (신곡동)",842-7755
동방 제이씨(JC) 안마원,"부산광역시 해운대구 해운대해변로 203, 오션타워 521호 (우동)",
곶자왈지압안마원,"제주특별자치도 제주시 노연로 117, 연동빌딩 2층 (연동)",
제일안마원,"경상북도 영주시 가흥로2번길 223, 영주청정한우식육식당 (문정동)",
숲안마시술소,경상북도 구미시 인동32길 7 (진평동),
금파지압안마원,"경기도 김포시 김포한강7로22번길 174-106, 1층 (마산동)",
어깨동무안마원,"대전광역시 유성구 학하동로63번길 70, 1층 (학하동)",
오행지압안마원,"광주광역시 서구 운천로114번길 5, 1층 (쌍촌동)",
건강하세요 안마원,"인천광역시 미추홀구 소성로 177, 동호빌딩 4층 (학익동)",032-874-8757
건강을주는안마원,"인천광역시 미추홀구 토금북로 46, 2층 (용현동)",032-881-3575
백화안마원,"충청남도 태안군 태안읍 동백로 255, 2층",
행복지압안마원,"경상북도 포항시 북구 중흥로226번길 7, 1층 (죽도동)",283-8575
청춘힐링안마원,경상북도 상주시 상서문3길 80 (남성동),
강남지압안마원,"대구광역시 달서구 상화북로 220-1, 1층 (상인동)",053-635-8335
참조은안마원,"경기도 안양시 만안구 병목안로 2, PROJECT 240 TOWER 11층 1105호 (안양동)",031-444-8566
웅s의 몸사랑이야기,"대구광역시 달성군 유가읍 테크노중앙대로 240, 한라하우젠트상가 3층 306호",053-614-2626
힐링숲안마원,"서울특별시 성동구 독서당로59다길 12, B01호 (응봉동)",02-2298-8259
미소건강안마원,"대구광역시 달서구 밤골1길 3, 1층 (두류동)",053-562-3330
에이스안마시술소,대구광역시 달서구 와룡로 98 (본리동),526-8424
용궁안마시술소,대구광역시 달서구 와룡로 95 (본리동),522-0030
알라딘안마시술소,"대구광역시 달서구 달서대로95길 14, 3층 (호산동)",568-8080
홍콩안마시술소,대구광역시 달서구 달구벌대로251안길 29 (이곡동),581-2350
핑클안마시술소,대구광역시 달서구 와룡로 45 (본동),525-4523
대진안마원,"대구광역시 달서구 상원로 22-10, 2층 (상인동)",053-637-2755
알프스안마시술소,"대구광역시 달서구 이곡서로 15, 3층 (이곡동)",053-202-6699
상인건강안마원,"대구광역시 달서구 상인서로 76, 107동 207-1호 (상인동, 상인영남화성타운상가)",655-9933
뉴몸튼튼안마원,"대구광역시 달서구 월성로 20, 건도파라다이스 3층 303-2호 (월성동)",
송원지압안마원,"대구광역시 달서구 학산로 127, 1,2층 (본동)",053-563-3375
달구벌안마센터안마원,"대구광역시 달서구 달구벌대로 1870, 5층 (두류동)",053-556-2224
건강백세지압안마원,대구광역시 수성구 들안로54길 61 (수성동3가),053-754-0933
내몸에약손안마원,"대구광역시 수성구 고산로 101, 상가동 2층 23-8호 (신매동)",053-793-1322
다다안마시술소,대구광역시 수성구 달구벌대로 2364 (수성동3가),053-751-3975
토닥토닥몸사랑안마원,"대구광역시 수성구 동대구로 345 (범어동, (범어역우방유쉘 지하1층 2-B02호))",053-964-9373
약손지압안마원,"대구광역시 수성구 지범로 173, 6층 (지산동)",053-782-7566
힐링숲건강안마원,"대구광역시 수성구 명덕로 441, 8층 (수성동3가)",053-741-0407
앞산,대구광역시 남구 대명로 218 (대명동),053-628-8745
웰빙안마원,대구광역시 남구 명덕로 46 (대명동),053-652-7575
건강지킴이안마원,"대구광역시 남구 대봉로 42 (봉덕동, 한도아파트)",053-654-0115
형제바우처안마원,"대구광역시 남구 이천로 24, 5층 (봉덕동)",053 656 7774
밝은세상안마원 대명역점,"대구광역시 남구 대명로 67, 5층 (대명동, 프라임빌딩)",053-655-8885
동산안마원,대구광역시 서구 국채보상로 440 (내당동),572-1515
이창숙안마원,"대구광역시 서구 국채보상로75길 36-2, 1층 (비산동)",053-564-8575
팡팡지압안마원,대구광역시 서구 통학로46길 9-1 (비산동),053-561-0770
가고픈약손안마원,"경상북도 경주시 금성로 280, 가동 2층층 (성건동)",054-776-9877
이홍준지압안마원,경상북도 경주시 외동읍 산업로 2522,
가자안마원,"경상북도 경주시 북정로 61, 1층 (성동동)",054-776-7975
희망안마원,경상북도 예천군 풍양면 낙상2길 10,
전통안마원,경상북도 영주시 지천로184번길 22 (가흥동),
오-편한케어안마원,"경상북도 고령군 대가야읍 왕릉로 95, 2층",054-614-5789
힐링안마,"경상북도 경산시 경안로39길 31, 101호 (중방동)",053-801-6633
복손안마원,경상북도 경산시 성암로5길 11 (옥산동),053-812-2988
동양 안마지압원,인천광역시 동구 송현로11번길 10 (송현동),032-762-3766
인천해광안마센터,"인천광역시 동구 송현로 14, 5층 (송현동, 솔빛빌딩)",032-777-3288
슈퍼맨안마시술소,인천광역시 연수구 먼우금로 197 (청학동),032-818-8517
광천명인지압안마원,인천광역시 연수구 새말로 107 (연수동),814-1239
장수지압안마원,인천광역시 연수구 앵고개로 262 (동춘동),032-815-7770
국가대표케이에이(KA)안마원,"인천광역시 연수구 용담로125번길 41, 메카리움오피스텔 3층 (연수동)",032-821-8575
한국국가대표안마원(본점),"인천광역시 연수구 비류대로 208, 4층 (옥련동)",032-834-8575
가장조은안마원,"인천광역시 연수구 청능대로 109, 803호 (연수동, 탑피온)",032-813-3652
랑 안마원,"인천광역시 중구 우현로 78 (인현동, 2층)",032-764-0999
기적의약손안마원,"인천광역시 부평구 체육관로 14, 3층 308호 (삼산동, 삼산지구 복합시설)",032-362-6677
계수나무안마원,"인천광역시 부평구 수변로9번길 4, 3층 (부개동, 효정빌딩)",032-362-0505
만민안마시술소,"인천광역시 남동구 석촌로 41 (간석동, 5층)",423-7717
동방활법안마원,인천광역시 남동구 용천로 104-1 (구월동),469-6249
가나안지압안마원,"인천광역시 남동구 남동대로 890, 탑메디칼빌딩 501호 (간석동)",032-427-1015
국가대표안마원,"인천광역시 남동구 논고개로123번길 35 (논현동, 칼리오페 406호)",817-6725
장안안마,인천광역시 서구 길주로75번길 2 (석남동),573-0551
드림안마시술원,강원도 속초시 중앙로108번길 16 (청학동),
몸신통증사냥안마원,울산광역시 동구 진성14길 48 (전하동),
신의손지압원,"울산광역시 남구 봉월로82번길 6, 1층 (신정동)",
아중,전라북도 전주시 덕진구 아중4길 10-8 (우아동2가),063-245-2267
뉴동아안마시술소,전라북도 전주시 완산구 한두평2길 12 (중화산동2가),227-2544
포도나무안마원,"전라북도 전주시 완산구 장승배기로 145, 상가동 1층 15호 (삼천동1가, 광진궁전아파트)",063-237-3855
유주지압원,"전라북도 전주시 덕진구 두간9길 3, 4층 (송천동1가)",
캔디,전라북도 전주시 완산구 홍산남로 59-5 (효자동3가),063-223-0875
제이제이(JJ),전라북도 전주시 완산구 홍산남로 79 (효자동3가),063-224-6609
약손안마원,전라북도 전주시 덕진구 견훤왕궁로 258 (인후동2가),063-244-0003
새아침안마원,전라북도 전주시 완산구 감나무로 62-6 (서신동),063-255-0058
서도지압원,"전라북도 전주시 완산구 용머리로 36, 서도프라자 8층 804호 (효자동1가)",
에스안마시술소,전라북도 전주시 덕진구 아중2길 18-5 (우아동2가),246-6257
호산나안마원,"전라북도 전주시 덕진구 안덕원로 252 (인후동1가, 대영빌딩)",063-243-7582
건지약손안마원,전라북도 전주시 덕진구 붓내3길 40 (송천동2가),241-6678
참손길지압안마원,"경기도 안양시 동안구 관악대로 480, 601호 (관양동, 우정타운)",1522-8622
명성지압안마원,"경기도 용인시 수지구 현암로 107, 2층 202호 (죽전동, SR프라자)",031-897-6636
지압안마원,"경기도 용인시 기흥구 흥덕2로 42 (영덕동, 휴먼시아 상가동201호)",031-284-8348
뉴안마시술소,"경기도 용인시 처인구 금령로 116, 8층 (김량장동)",031-339-3319
평온건강안마원,"경기도 용인시 처인구 금령로 64, 7층 707호 (김량장동)",338-8575
한빛건강안마원,"경기도 용인시 처인구 금령로40번길 13, 201호 (김량장동, 조양유통상가)",031-321-7575
하트안마시술소,경기도 용인시 처인구 백옥대로1362번길 1 (유방동),031-333-6430
용인안마지압원,"경기도 용인시 수지구 만현로 88 (상현동, 상현종합상가)",031)266-7275
오병헌건강안마원,경기도 용인시 처인구 중부대로 1414-1 (김량장동),031-322-8993
추카추카안마시술소,경기도 하남시 신장로136번길 7 (덕풍동),031-795-6019
텐프로안마시술소,"경기도 하남시 하남대로 767, 지송빌딩 4,5층 (신장동)",031-791-1679
약손안마원,"경기도 하남시 신장로 156, 하남프라자 3층 306호 (덕풍동)",031-793-7708
귀빈안마시술소,"경기도 용인시 기흥구 중부대로 359, 2층,3층,4층 (신갈동)",031-274-2452
짱구안마시술소,"경기도 용인시 수지구 풍덕천로190번길 21, 2,3층 (풍덕천동)",031-276-2789
수안마시술소,"경기도 용인시 수지구 풍덕천로 149, 601호 (풍덕천동, 현대그린프라자)",
킹안마시술소,"경기도 용인시 처인구 금령로71번길 6-4 (김량장동,용인빌딩 4층)",
체리안마시술소,경기도 용인시 처인구 중부대로 1491 (김량장동),031-336-2539
슈퍼맨안마시술소,"경기도 안양시 만안구 만안로 210, 6,7층 (안양동)",464-6325
약손지압안마원,"경기도 안양시 만안구 안양로 303, 8층 807호 (안양동, 안양 메쎄 포스빌)",445-8275
경안참지압안마원,"경기도 안양시 동안구 관악대로 442, 2층 (관양동)",031-423-3171
에레스안마시술소,"경기도 안양시 동안구 흥안대로 521 (관양동, 5층)",031-422-6564
수안마시술소,"경기도 안양시 동안구 경수대로 546 (호계동, 3층)",031-458-8980
석산안마시술소,"경기도 안양시 동안구 흥안대로 524 (관양동, 3층)",031-423-7744
센트럴안마시술소,"경기도 안양시 동안구 인덕원로30번길 69 (관양동, 1,2,3층)",031-424-8808
애플안마시술소,"경기도 안양시 동안구 흥안대로 499 (관양동, 3층,4층,5층)",031-426-9031
오렌지안마시술소,"경기도 안양시 동안구 평촌대로223번길 16 (호계동,5층)",031-382-1141
양지안마시술소,"경기도 의왕시 계원대학로 25, 6층 (내손동, 팬템프라자)",031-426-8611
청송안마원,경기도 의왕시 오전천로 26 (고천동),031-421-6346
행복지압안마원,경기도 의왕시 사근행궁길 9 (고천동),455-4795
내손안마원,"경기도 의왕시 포일세거리로 3, 4층 401호 (포일동, 파레사타워)",031-422-3507
의왕지압안마원,"경기도 의왕시 모락로 16 (오전동, 현대프라자)",031-429-8533
행복건강안마원,경기도 양주시 부흥로 1935 (광사동),031-878-2218
덕계지압안마원,"경기도 양주시 평화로1466번길 8, 1층 (덕계동)",858-8088
회천지압안마원,"경기도 양주시 덕정길 3, 2층 (덕정동)",031-858-0811
신.약손안마원,"경기도 안양시 동안구 관평로69번길 7-13, 1층 (평촌동)",031-386-1348
정안마원,"경기도 안양시 동안구 관평로182번길 30, 한솔빌딩 407호 (관양동)",031-423-5115
약손안마원,"경기도 안양시 동안구 흥안대로 524 (관양동, 삼우프라자 502호)",031-424-2343
신성안마원,"경기도 안양시 만안구 수리산로12번길 26, 1층 (안양동)",031-465-7525
풀림과편안안마원,"경기도 안양시 동안구 엘에스로 45, 3층 306호 (호계동, 대영골든타워)",031-456-7566
킹안마시술소,경기도 파주시 중앙로 293-1 (금촌동),944-7075
맥안마원,"경기도 파주시 금정14길 32, 1층 (금촌동)",941-3557
한국정통지압안마원,경기도 파주시 문화로 5 (금촌동),946-0866
송안마원,경기도 파주시 조리읍 공릉장터길 27 (좌측 1호),319471318
문산제일안마원,"경기도 파주시 문산읍 문향로49번길 20, 303호 (로얄빌딩)",031-953-8387
에스(S)안마시술소,"경기도 오산시 성호대로 121 (오산동, 월드타워 801,802,803,804호)",031-377-7779
황제안마시술소,경기도 오산시 대호로 99 (궐동),031-372-0141
초이스안마,경기도 평택시 안중읍 안중로 140,070-4503-2440
나음안마원,경기도 평택시 평택3로 28 (합정동),031-692-4252
비전안마시술소,"경기도 평택시 비전5로 20-37, 파크애비뉴 4층 402,403,404호 (비전동)",657-1012
심성시술소,경기도 연천군 전곡읍 은전로 76-9,
전곡시술원,경기도 연천군 전곡읍 전곡로 106,031-832-2835
본안마시술소,"경기도 용인시 기흥구 구갈로60번길 19, 금강프라자 7층 (구갈동)",
서해안마시술소,경기도 평택시 포승읍 서동대로 792,031-682-0335
궁안마시술소,경기도 평택시 포승읍 여술1길 80,031-684-9082
설봉안마시술소,경기도 이천시 중리천로 129-6 (중리동),635-0762
S안마시술소,"경기도 이천시 부발읍 경충대로 2096-23, 지하1층",
박찬일안마원,경기도 이천시 중리천로82번길 26 (중리동),638-6936
한중안마원,경기도 평택시 조개터로2번길 35 (합정동),684-1546
블루안마시술소,경기도 평택시 포승읍 여술1길 9,031-681-2350
송암안마시술소,경기도 평택시 관광특구로 23 (서정동),031-667-4147
승록안마원,"서울특별시 영등포구 도영로 80, 대우미래사랑 101동 2층 207호 (도림동)",02-845-7775
서울보건안마원,"서울특별시 양천구 목동로 177, 정동프라자 4층 (신정동)",226941114
금호지압안마원,"서울특별시 성동구 장터길 27, 2층 (금호동3가)",02-2272-8770
광장킹안마원,강원도 춘천시 전원길 1 (운교동),033)256-3522
참조은약손안마원,"경기도 의정부시 신촌로84번길 37, 2층 202호 (의정부동)",031-821-8070
행복안마원,전라남도 진도군 진도읍 교동5길 1-1,
수안마원,경상북도 구미시 봉곡남로 110 (봉곡동),
동광지압안마원,"부산광역시 중구 동광길 47, 3층 (동광동5가)",051-468-2285
힐링약손안마원,서울특별시 강북구 도봉로 34-8 (미아동),02-6368-6111
약손안마원,전라남도 보성군 보성읍 신일길 12-1,061-853-9947
주원전통안마원,경상남도 양산시 삼호동부로 39 (명동),
금오힐링수안마원,"경기도 의정부시 청사로5번길 8-17, 센타프라자 7층 706호 (신곡동)",031-851-2044
달인침안마원,"대전광역시 대덕구 오정로 1, 노촌빌딩 3층 (오정동)",
뽀빠이안마지압원,"제주특별자치도 제주시 우정로18길 14, 1층 (외도일동)",
시원 안마원,인천광역시 강화군 강화읍 송악길6번길 20 (고려팰리스),933-7535
늘푸른남양주안마원,"경기도 남양주시 경춘로 1298, 혜림빌딩 301호 (평내동)",
선한손지압안마원,"경기도 안양시 동안구 관악대로 349, 4층 (관양동)",031-426-9475
세종보건안마센터,"세종특별자치시 조치원읍 장안로 3, 2층",
늘함안마원,"서울특별시 송파구 오금로13길 22, 3층 (방이동)",02-424-3313
잘풀림힐링안마원,"서울특별시 송파구 가락로17길 4, 2층 (송파동)",02-2039-9223
약손지압원,"서울특별시 강서구 금낭화로 135, 금강프라자빌딩 6층 610호 (방화동)",02-2664-7591
바른체형교정안마원,"인천광역시 미추홀구 경원대로 869, 르네상스빌딩 (주안동)",
라파 안마원,"경상북도 영덕군 영덕읍 남석2길 5, 1층",054-732-9987
여우안마시술소,경상북도 칠곡군 석적읍 북중리2길 42,054-974-7763
약손지압원,경상북도 칠곡군 왜관읍 중앙로7길 21-1,054-973-4558
두드림안마원,경상북도 칠곡군 왜관읍 중앙로10길 7,054-977-8875
신데렐라안마시술소,경상북도 구미시 산업로 324 (원평동),
한강지압안마원,경상북도 구미시 상사동로 163-8 (사곡동),054-464-4121
무성지압안마원,경상북도 구미시 봉곡남로9길 3 (봉곡동),
시원지압안마원,경상북도 구미시 구미중앙로 23-1 (원평동),054-444-5575
구미건강안마원,경상북도 구미시 원남로 130-1 (원평동),444-7588
인동안마원,경상북도 구미시 인동중앙로7길 11 (황상동),054-473-9875
탁터안마원,경상북도 구미시 신시로10길 13-1 (송정동),
장안마원,경상북도 구미시 인동중앙로10길 19 (인의동),054-472-6600
백암지압안마원,경상북도 울진군 평해읍 평해로 67-1,054-787-3665
테라피지압안마원,"경상북도 봉화군 봉화읍 내성로 94, 2층",
조은아침지압원,"인천광역시 미추홀구 독배로 380, 2층 (용현동)",032-891-7777
시각복지안마원,인천광역시 미추홀구 경원대로640번길 26-17 (관교동),032-426-8575
다좋은행복안마원,인천광역시 미추홀구 주안로 75 (주안동),
휴안마토피아,"인천광역시 미추홀구 경인로 391, 주안현대아파트 (주안동)",032-202-8575
으뜸안마원,"인천광역시 미추홀구 주안로213번길 15, 간석역프라자 2층 202호 (주안동)",032-437-3375
최&박 지압 안마원,전라북도 완주군 봉동읍 봉동로 143,063-261-1275
건강지압안마원,전라북도 완주군 삼례읍 동학로 19,063-291-7525
오케이안마원,"제주특별자치도 제주시 노연로 114-1 (연동,3층)",064-711-5535
39.27 만나 지압원,제주특별자치도 제주시 서광로 230 (삼도일동),064-755-3927
청춘안마원,제주특별자치도 제주시 중앙로 181 (이도일동),064-758-3865
24시안마원,제주특별자치도 제주시 서광로20길 7 (삼도일동),064-723-5339
신제주지압원,"제주특별자치도 제주시 삼무로 74, 2층 (연동)",064-749-7575
건강제주안마지압원,"제주특별자치도 제주시 선덕로 18, 5층 (연동, 진일빌딩)",064-744-9633
라파지압원,"제주특별자치도 제주시 서사로 165-1, 2층 (오라일동)",702-6180
수풀림지압원,제주특별자치도 제주시 인다4길 41 (아라일동),
제주통합안마원,제주특별자치도 제주시 아봉로 433 (월평동),"721-1111, 710-1220"
청청안마원,"제주특별자치도 제주시 연신로 123 (이도이동,지하)",064-757-0987
해비침지압원,제주특별자치도 제주시 신광로4길 36-1 (연동),064-746-0078
나이스 안마원,제주특별자치도 제주시 중앙로 284 (이도이동),064-725-6226
김승곤지압안마원,"경기도 안양시 만안구 안양로 110, 엘리제빌리지 2층 (안양동)",
건강이음안마원,충청남도 청양군 청양읍 중앙로13길 1,041-943-9439
우리안마원,"대전광역시 중구 중촌로40번길 24, 1층 (중촌동)",042-585-1230
뉴제주안마원,"제주특별자치도 제주시 도령로 140, 2층 201호 (연동, 삼무스위트빌)",064-747-8893
약손안마지압원,강원도 평창군 진부면 진부중앙로 99,033-332-7588
건강보건안마원,"충청남도 당진시 당진중앙2로 59-9, 1층 (읍내동)",041-355-8808
위드지압원,"부산광역시 부산진구 동평로420번길 13, 4층 (양정동)",051-852-7566
건강드림안마원,"제주특별자치도 제주시 도령로 31, 2층 203호 (노형동)",
올리브안마원,"경기도 의정부시 평화로562번길 8, 2층 (의정부동)",031-841-0608
김현성 빛가람건강안마센터,"전라남도 나주시 빛가람로 689, 402,402호 (빛가람동)",061-333-3690
제주비타민마사지안마원,"제주특별자치도 제주시 신광로 75, 2층 (연동)",064-744-5317
신기한손안마원,"경기도 용인시 기흥구 구갈로28번길 23, 명지빌딩 202호 (구갈동)",
시원한안마원,"대구광역시 달서구 호산로29길 117, 2층 (파호동)",053-583-7770
최용석안마원,경상남도 합천군 합천읍 중앙로 33-32,055-934-0470
장수안마원,"충청남도 당진시 당진중앙2로 87, 뷰티플레스 (읍내동)",041-345-7780
부여보건안마센터안마원,"충청남도 부여군 부여읍 사비로 66-1, 2층",
오포참좋은안마원,"경기도 광주시 오포읍 양벌로215번길 4, 3층",031-765-1222
휴림지압안마원,"경기도 군포시 번영로 498, 산본빌딩 7층 701,702호 (금정동)",
건강사랑지압안마원,"부산광역시 동구 중앙대로 181, 3층 (초량동)",051-204-3312
효자약손,전라북도 전주시 완산구 서원로 228 (효자동1가),063-223-2662
다나안마원,경상북도 영천시 상록4길 66 (야사동),
명가정통지압안마원,"부산광역시 부산진구 동평로 350, 양정현대프라자 5층 507호 (양정동)",051-633-2551
바디케어지압원,"부산광역시 부산진구 가야대로 525, 3층 (가야동)",051-909-0365
약손현가안마원,경상북도 김천시 중앙공원길 9 (남산동),
청라약손안마원,"인천광역시 서구 청라루비로 95, 경연프라자 204호 (청라동)",032-569-2999
진지압안마원,"광주광역시 광산구 광산로 9, 2층 (송정동)",
보건안마센터,"광주광역시 남구 효우로 87, 501호 (노대동)",062-682-5996
국가대표안마원,"인천광역시 동구 솔빛로91번길 2-1, 4층 (송림동)",032-772-8575
부산안마지압원,"부산광역시 남구 고동골로4번길 17, 3층 (문현동)",051-463-5459
새힘힐링안마원,"서울특별시 광진구 능동로39길 9, 2층 (중곡동)",02-452-0691
장봉민건강지압안마원,"경기도 하남시 미사강변동로 73, 미사강변 노블레스 3층 313호 (망월동)",699-3700
오송정통안마원,충청북도 청주시 흥덕구 오송읍 연제길 181-9,
상쾌한안마원,"인천광역시 부평구 주부토로 33, 4층 (부평동)",032-503-0177
보라매맥진안마원,"서울특별시 동작구 대방동1길 15-1, 하이빌 1층 (대방동)",
조은건강안마원,대구광역시 수성구 동대구로 224(범어동),424-5577
호산나안마원,"대전광역시 동구 옥천로 202-7, 2층 (판암동)",
캡틴안마시술소,"광주광역시 서구 상무연하로 43, 지상4,5층 (치평동)",
풀샵안마시술소,"광주광역시 서구 상무연하로 5, 지상 5,6층 (치평동)",062-375-4402
려수참술안마원,광주광역시 남구 중앙로 94 (서동),
바른체형수기센터안마원,"광주광역시 남구 봉선1로 48, 1층 (봉선동)",
가든안마원,"광주광역시 남구 대남대로 274-1, 2층 (백운동)",062-651-7474
성심안마원,"광주광역시 남구 회재로 1270, 3층 301호 (백운동, 현대간호학원)",062-653-5674
쵸이스안마시술소,"광주광역시 서구 상무연하로 27, 지상3층 (치평동)",062-383-9710
필안마시술소,"광주광역시 서구 상무연하로 29, 지상5층 (치평동)",
스타안마시술소,"광주광역시 서구 상무중앙로78번길 5-2, 지상6,7층 (치평동)",062-383-7743
상무안마시술소,"광주광역시 서구 상무중앙로38번길 11 (치평동, 충광빌딩)",
가나성일휴보건안마원,"광주광역시 서구 상무대로 894, 모아미래도 스카이뷰 2층 209~210호 (쌍촌동)",062-372-2544
백선생 약손안마원,"광주광역시 서구 상무공원로 114, 2층 204호 (치평동, 해광한신아파트)",
건강지압센터 손수,"광주광역시 서구 상무중앙로28번길 4, 세진빌딩 5층 505호 (치평동)",062-383-0705
K1안마시술소,"광주광역시 서구 상무연하로 50, 지상8층 (치평동)",062-383-5577
주안마원,부산광역시 남구 수영로219번길 6 (대연동),051-623-1722
건강우리지압원,"부산광역시 남구 못골번영로 11, 5층 (대연동, 성산빌딩)",051-626-7575
에스안마시술소,부산광역시 연제구 거제천로182번길 42-4 (연산동),051-865-6580
영도안마원,부산광역시 영도구 동삼서로 6-4 (동삼동),403-6829
동삼안마원,"부산광역시 영도구 동삼로 68, 3층 (동삼동)",403-4174
백진안마원,"부산광역시 영도구 태종로 98, 502호 (대교동2가, 모닝아일랜드)",051-412-1010
참사랑약손지압안마원,부산광역시 영도구 청학로31번길 6 (청학동),051-415-5147
건강한미안마지압원,부산광역시 연제구 과정로 82 (연산동),051-751-4976
몸편한약손약발지압원,부산광역시 연제구 고분로13번길 61-3 (연산동),051-864-3617
연산우리들안마원,"부산광역시 연제구 월드컵대로 10, 1층 (연산동)",051-544-9928
소생안마원,"부산광역시 연제구 거제천로118번길 23, 상가동 203호 (연산동, 엔학미지앙)",
약손안마원,부산광역시 북구 만덕대로 129 (덕천동),051-332-5632
천부안마원,"부산광역시 북구 학사로17번나길 25, 3층 (화명동)",051-361-7572
초원안마지압원,"부산광역시 남구 고동골로78번길 54 (문현동, 삼부맨션)",635-8006
행복지압안마원,"부산광역시 북구 만덕3로 15, 1층 (만덕동)",051-334-1925
건강 이상운지압원,"부산광역시 북구 금곡대로 280-4, 4층 (화명동, 해동빌딩)",051-362-7588
그린안마원,"부산광역시 북구 백양대로 1022-1, 2층 (구포동)",051-343-7579
수지압안마원,"부산광역시 북구 백양대로 1180, 2층 201호 (구포동)",051-333-7574
화명지압안마원,"부산광역시 북구 금곡대로303번길 12, 샤롯데 2층 203호 (화명동)",051-362-7575
어울림지압원,"부산광역시 남구 못골로12번길 35, 6층 2호 (대연동)",051-907-8478
김성심건강안마원,"부산광역시 남구 수영로 282, 310호 (대연동, 현대오피스텔)",051)918-7575
벧엘안마원,부산광역시 남구 석포로 125 (대연동),051)624-8872
영성물리안마원,부산광역시 남구 전포대로 76 (문현동),051)634-7576
한서안마원,부산광역시 남구 못골번영로 79-1 (대연동),051)622-8275
손안마원,부산광역시 중구 대청로99번길 19-4 (대청동4가),
약청사안마원,부산광역시 중구 흑교로 79 (보수동2가),051-247-3110
뉴그린안마원,"부산광역시 중구 중앙대로 129, 503호 (대창동1가)",466-8575
수풀림안마원,"부산광역시 중구 중앙대로 80, 노블리안2 지하1층 B101호 (중앙동4가)",051-462-9595
가나약손119안마원,"부산광역시 해운대구 중동1로 38, 3층 (중동)",731-7578
가람지압안마원,"부산광역시 해운대구 해운대로469번길 138, 1층 (우동)",747-1771
마이더스(MIDAS)안마원,"부산광역시 해운대구 재반로 89-5, 2층 (재송동)",051-783-1950
백세건강지압안마원,"부산광역시 해운대구 윗반송로51번길 91-31, 2층 (반송동)",051-542-6764
신세계지압안마원,"부산광역시 해운대구 재반로 204, 202-1호 (반여동, 야무진 FASHION)",051-990-9679
다원약손안마원,"부산광역시 해운대구 윗반송로51번길 37-29, 1,2층 (반송동)",515428397
수앤수,"부산광역시 해운대구 해운대로 814, A동 306호 (좌동, 세종월드프라자)",701-1144
용인안마원,부산광역시 사하구 다대로140번길 163 (신평동),051-203-7297
성심안마원,"부산광역시 사하구 다대로136번길 6, 2층 (신평동)",202-7997
이든7575지압원,"부산광역시 해운대구 해운대해변로 291, 크리스탈비치오피스텔 304호 (중동)",051-703-7958
해동지압원,부산광역시 사하구 장림번영로 105 (장림동),051-262-8397
제니스안마시술소,"부산광역시 사하구 낙동남로1423번길 17, 7층 (하단동)",051-205-0566
재생안마원,"부산광역시 사하구 낙동대로 301, 206호 (괴정동,일동지엔닌상가)",051-293-0994
덕심지압원,"부산광역시 사하구 낙동대로356번길 19, 1층 (당리동)",051-903-6517
양지안마지압원,"부산광역시 사하구 낙동대로 376, 3층 (당리동)",205-2522
두드림안마원,"부산광역시 사하구 낙동대로450번길 12, 2층 (당리동)",051-201-0440
효사랑안마지압원,"부산광역시 사하구 장평로449번길 26, 1층 101호 (괴정동, 천아하늘정원2차아파트)",051-205-3331
강동근안마지압원,부산광역시 사하구 낙동대로 352 (당리동),051-529-7070
행복한 힐링 안마원,부산광역시 사하구 동매로81번길 1 (하단동),
착한손바른안마원,"부산광역시 기장군 정관읍 정관로 499, 4층 401호 (드림빌딩)",727-2778
송정안마시술소,경상북도 구미시 구미중앙로42길 9-1 (송정동),054-453-4247
영생안마원,경상북도 구미시 산호대로25길 25-16 (옥계동),
서울안마원,경상북도 구미시 역전로 31 (원평동),054-456-3677
임마누엘안마원,경상북도 구미시 금오산로 49-4 (원평동),054-457-7512
약손안마원,"경상북도 구미시 상사동로 169 (사곡동,금실타운 1차 107호)",054-464-7582
고래안마시술소,경상북도 구미시 산호대로27길 13-1 (옥계동),054-475-5269
으랏차차경락지압안마원,경상북도 경주시 초당길55번길 7-1 (동천동),
맑은손 안마센타(원),경상북도 경주시 동성로 29 (성건동),
건강안마원,"경상북도 경주시 원효로 49, 왕산빌딩 2층 (성건동)",054-775-7558
가 안마원,"경상북도 경주시 금성로 295, 경주중앙시장 8동 2층 (성건동)",
뉴 플러스안마시술소,울산광역시 동구 방어진순환도로 594 (화정동),052-251-3354
척추지압안마원,울산광역시 동구 방어진순환도로 715 (전하동),052-233-4275
수안지압원,"울산광역시 동구 진성1길 47 (전하동, 한라한빛타운 상가)",522326777
안마원의품격,"울산광역시 중구 동천6길 12, 101호 (서동, 해성빌라트)",292-4585
지명안마원,"울산광역시 중구 강정6길 28, 2층 (우정동)",245-0975
스타킹안마시술소,울산광역시 북구 동대16길 6 (호계동),052-285-0273
엔젤안마원,울산광역시 북구 명촌13길 5-1 (명촌동),052-287-3335
약손안마원,"울산광역시 중구 학성로 150, 5층 (학산동)",258-8236
언양안마시술소,"울산광역시 울주군 언양읍 헌양길 54, 4층",052-263-2717
건강지압안마원,울산광역시 울주군 온양읍 태화7길 36,
원더플안마시술소,"울산광역시 남구 번영로124번길 21-1, 3,4층 (달동)",224-8888
김영식지압안마원,울산광역시 남구 남부순환도로 17 (무거동),
바른손지압안마원,울산광역시 남구 문수로369번길 16 (옥동),
태양지압교정원,울산광역시 남구 수암로115번길 6-18 (신정동),
몸사랑지압원,"울산광역시 남구 옥현로46번길 5-2, 2층 (무거동)",
개구리안마시술소,"울산광역시 남구 왕생로45번길 15-1, 3,4,5층 (달동, 대원빌딩)",052-267-3731
영생지압안마원,"울산광역시 남구 월평로 66, 2층 (신정동)",276-4600
아우라안마시술소,"울산광역시 남구 번영로124번길 13, 2~5층 (달동)",227-7072
동양지압안마원,울산광역시 남구 삼산로317번길 12-7 (삼산동),292-7475
안남준지압안마원,"울산광역시 남구 삼산로77번길 10, 104호 (달동)",258-2426
수앤수안마원,"울산광역시 남구 삼산로 125, 2층 (달동)",052-999-9888
제일지압안마원,"울산광역시 남구 문수로369번길 32, 1층 (신정동)",
슈퍼맨안마시술소,"울산광역시 남구 신복로22번길 20, 4층 (무거동)",224-2838
성신수기원,"울산광역시 남구 돋질로37번길 36, 2층 (신정동)",
힐링 안마원,울산광역시 남구 중앙로156번길 51 (달동),
수안마시술소,"울산광역시 남구 왕생로62번길 5 (달동,4~6층)",276-9598
기공약손 경락지압 안마원,"인천광역시 강화군 선원면 와말길 152-46, 기공약손 경락지압 안마원",032-932-6667
명약안마원,전라남도 고흥군 남양면 운교주곡길 36-4,
늘봄안마원,"전라남도 광양시 공영로 74, 3층 (중동)",061-794-8985
약손안마원,전라남도 순천시 이수로 280 (조례동),061-724-2272
봉순안마시술소,전라남도 순천시 성동교길 30 (장천동),745-4600
가자힐링안마원,"전라남도 순천시 해룡면 기적의도서관길 90, 상가동 1층 34호 (부영3차아파트)",061-906-3896
참사랑안마원,전라남도 순천시 중앙초등길 4 (풍덕동),
바른손안마원,"전라남도 순천시 중앙로 42 (장천동, 모닝글로리)",061-743-6709
이레안마원,"전라남도 순천시 조례못등길 37, 2층 (조례동)",061-721-5858
가가 지압원,"전라남도 목포시 하당로 189 (상동,(2층))",281-9875
스타안마시술소,"전라남도 목포시 번영로 31 (상동,6,7층)",
목포시각안마원,전라남도 목포시 소영길 20-1 (용당동),061-981-1000
사랑의약손안마원,"전라남도 목포시 옥암로 20, 2층 (옥암동)",061-284-1175
클린안마센터 전남1호점,전라남도 목포시 삼향천로91번길 16-1 (옥암동),
참조은안마원,전라남도 목포시 신흥로 62 (상동),
청안지압안마원,"전라남도 목포시 백년대로266번길 31, 2층 (상동)",061-283-5548
한빛안마원,전라남도 목포시 삼학로145번길 8 (산정동),061-243-0461
희나리안마원,전라남도 목포시 하당로 185 (상동),
베스트약손,"전라남도 목포시 둥근섬로35번길 1, 1층 2호 (산정동)",
동인방지압원,전라남도 목포시 하당로221번길 4 (상동),061-282-0366
건강으뜸안마원,"전라남도 여수시 좌수영로 지하 268 (오림동, 여수버스터미널)",
이준지압원,전라남도 진도군 임회면 광전길 115,061-543-5486
나주약손 지압 안마원,전라남도 나주시 나주로 9-5 (송월동),061-337-8576
이지안마원,전라남도 나주시 예향로 3826 (이창동),061-332-4352
동명안마원,전라남도 해남군 삼산면 시등안길 37,061-532-7470
약손안마원,"전라남도 해남군 해남읍 중앙2로 39, SK텔레콤",615334660
고려건강안마원,전라남도 함평군 함평읍 내대화길 110,324-9675
제주사랑안마원,"제주특별자치도 제주시 신대로 124, 2층 (연동)",046-742-4239
쉼팡 마사지 지압원,"제주특별자치도 서귀포시 중앙로62번길 5, 3층 (서귀동)",
서귀안마원,제주특별자치도 서귀포시 중산간서로 606 (대포동),064-738-1462
중문마사지,제주특별자치도 서귀포시 중문관광로 348 (중문동),
25시중문안마원,"제주특별자치도 서귀포시 중문상로 41-3, 2층 (중문동)",
가장좋은날 안마지압원,"부산광역시 사하구 승학로71번길 30, 110동 303호 (당리동, 당리푸르지오)",051-205-7577
체형밸런스요법안마원,"서울특별시 서초구 서초대로54길 24, 601호 동측 일부 (서초동)",02-3446-2808
송정보건안마원,"광주광역시 광산구 광산로30번길 67, 1층 (송정동)",062-942-0086
지호지압안마원,서울특별시 동대문구 고산자로 459 (제기동),
으뜸안마원,전라북도 익산시 인북로 46-1 (인화동1가),
강남힐링지압안마원,"부산광역시 부산진구 전포대로300번길 20, 301호 (전포동)",051-805-2816
강안마지압원,경상남도 사천시 사천읍 사천읍성로 16,
탑안마시술소,"경기도 고양시 일산동구 무궁화로 18, 남정 씨티프라자 1 701호 일부, 706~708호호 (장항동)",
자연재생 힐링원,광주광역시 북구 하백로6번길 18 (매곡동),
안마수기치유센터,"광주광역시 서구 월드컵4강로 191, 1층 (쌍촌동)",062-373-7775
오케이 지압 안마원,"인천광역시 중구 제물량로 103, 2층 (신흥동1가)",032-777-7858
대한보건안마원,충청북도 제천시 내토로 481 (화산동),
황금안마원,"경상북도 포항시 북구 법원로 1, 모던빌딩  4층 (장성동)",054-248-9159
청담안마지압원,"부산광역시 부산진구 새싹로 83-2, B동 2층 (부암동)",051-802-7999
이곳생명샘 지압안마원,"경상남도 양산시 북안남3길 23, 1층 (북부동)",
부산보건안마센터,"부산광역시 강서구 명지국제8로 229, 부산명지지구아이메디컬 201호 (명지동)",051-553-0754
청춘生안마,"대전광역시 유성구 온천서로 22-9, 1층 103호 (봉명동, 유성온천훼미리타운)",042-862-3933
진주성안마원,"경상남도 진주시 북장대로59번길 16, 1층 (봉곡동)",
약손안마지압원(마사지),"전라남도 화순군 화순읍 중앙로 14, 2층",061-371-7588
건강안마원,경상남도 의령군 의령읍 의병로15길 3,573-0088
건강100세안마원,"경기도 남양주시 화도읍 마석중앙로 91, 202호",031-559-0119
신동만안마원,"서울특별시 동대문구 경동시장로 11, 2층 (제기동)",
두드림지압안마원,"인천광역시 남동구 장승로 9, 신비프라자 4층 일부호 (만수동)",032-464-7778
건강드림안마원,"인천광역시 동구 화수로 3-5, 2층 (송현동)",
참손길지압힐링센터안마원,"경기도 부천시 부천로 50-1, 오성빌딩 2층 (심곡동)",032-664-7582
이손힐링안마원,"경기도 안성시 중앙로 366, 크리스탈빌딩 1동 10층 1003호 (석정동)",
삼손안마원,"울산광역시 남구 월평로187번길 19, 2층 (삼산동)",
안산포인트안마원,"경기도 안산시 단원구 광덕3로 145-5, 동일프라자 206호 (고잔동)",
바른몸약손안마원,"경상남도 밀양시 내이2길 8, 1층 (내이동)",
한사랑안마원,"충청남도 보령시 원동1길 30-9, 2층 (대천동)",
한강안마원,"대전광역시 동구 대전로 814, 3층 (정동)",222-6000
청우안마원,대전광역시 동구 용운로 19 (대동),042-284-4844
다나안마원,"대전광역시 동구 대전로 758 (원동,뜰안채 2층)",042-285-8575
놀부안마원,대전광역시 동구 옻밭5길 112 (판암동),272-1440
샬롬안마원,대전광역시 동구 새울로 90 (용운동),042-286-0332
실로암안마원,"대전광역시 동구 흥룡로 60, 201-2호 (가양동)",042-638-2455
방승권안마원,대전광역시 동구 태전로 132-11 (삼성동),042-222-5805
건강백세안마원,"대전광역시 동구 동대전로 108, 2층 (대동, 동부가전랜드)",042-284-7080
유명안마원,"대전광역시 중구 동서대로 1420 (선화동,2층)",042-632-7979
샘안마시술소,대전광역시 중구 문창로 88 (문창동),252-5893
장수안마원,"대전광역시 중구 계룡로 835, 2층 (용두동)",042-222-8575
참빛안마원,"대전광역시 중구 문화로78번안길 21 (산성동,1층)",042-583-2369
근풀림안마원,대전광역시 중구 계룡로 876 (오류동),042-523-8589
힐링안마원,"대전광역시 중구 동서대로 1388, 상가동 301호 (목동, 금호한사랑아파트)",042-223-0090
산삼안마원,"대전광역시 중구 보문로103번길 85, 2층 (부사동)",042-252-3375
길지압안마원,대전광역시 중구 대종로 669 (중촌동),223-0690
참사랑마사지안마원,"대전광역시 중구 유천로102번길 10, 1층 (유천동)",
용약손안마원,"부산광역시 동래구 명안로39번길 4, 2층 (안락동)",051-523-5052
한국전통지압원,"부산광역시 동래구 사직북로 3, 사직동백진빌딩 5층 (사직동)",051-507-2116
자오안마원,부산광역시 동래구 아시아드대로 250 (온천동),501-7532
우리들안마원,부산광역시 동래구 반송로 237 (안락동),527-7975
동방수기요법안마원,부산광역시 동래구 아시아드대로 157 (사직동),502-5050
지성안마지압원,"부산광역시 금정구 동부곡로12번길 39, 1층 (부곡동)",051-512-5152
푸른지압원,"부산광역시 해운대구 양운로 88 (좌동,해운대쌍용플래티넘트원 102-203)",923-7575
사쿠라지압원,"부산광역시 해운대구 좌동순환로8번길 54-11, 1층 (중동)",051-612-0002
센텀엘림안마원,"부산광역시 해운대구 센텀3로 20 (우동,센텀호텔 318호)",720-8100
통증없는 바른몸 안마원,부산광역시 해운대구 아랫반송로 13-1 (반송동),544-9675
썬안마지압원,"부산광역시 해운대구 재반로103번가길 58, 1층 (재송동, 신아씽크공장)",051-731-0399
충무지압안마원,"부산광역시 서구 구덕로124번길 8-1 (토성동4가,(2층))",051-247-0129
예림안마원,부산광역시 서구 대영로 78 (동대신동1가),051-255-3175
대동안마자압원,부산광역시 서구 구덕로 284 (동대신동1가),245-6123
진성약손안마지압원,"부산광역시 서구 천마로 226-1, 1층 (충무동2가)",051-245-8248
삼보안마원,부산광역시 부산진구 서전로68번길 8 (전포동),802-3550
조만호안마원,부산광역시 부산진구 동성로 134 (전포동),805-1237
동보안마원,"부산광역시 부산진구 중앙대로 940 (양정동,인제빌딩 4층)",051-851-2998
승록안마원,부산광역시 부산진구 진연로 9 (양정동),868-8955
서면제일약손안마원,"부산광역시 부산진구 새싹로 26-1, 3층 (부전동)",808-3882
더테라피전통안마지압원,"부산광역시 부산진구 중앙대로969번길 11, 1층 103호 (양정동, 양정롯데갤러리움아파트상가)",051-852-7845
노벨안마원,"부산광역시 부산진구 새싹로 30, 104호 (부전동, 경동파크타워)",051-803-5599
금봉안마원,"부산광역시 부산진구 범일로 160, 중앙빌딩 5층 (범천동)",051-636-3836
웰빙안마원,"부산광역시 부산진구 당감서로9번길 3, 1층 (당감동)",896-7575
늘푸른세상안마원,부산광역시 부산진구 서전로58번길 80 (전포동),051-816-9766
동의안마원,부산광역시 부산진구 가야공원로14번길 82 (개금동),894-8103
금정안마원,부산광역시 금정구 구서중앙로15번길 9 (구서동),051-582-9896
사랑안마원,"부산광역시 금정구 서부로 39, 지하1층,2층 (서동)",051-525-9697
로하스안마원,"부산광역시 사상구 가야대로 258, 3층 (주례동)",051-312-8575
다손안마원,"부산광역시 사상구 사상로 512, A-204호 (모라동, 모라리버빌)",051-304-9801
신만수안마원,"부산광역시 부산진구 가야대로 718 (범천동,14.15)",817-3335
더죤안마지압원,부산광역시 사상구 사상로 175 (괘법동),051-311-7677
김현희안마원,"부산광역시 사상구 가야대로 330, 4층 (주례동, 삼선빌딩)",805-7575
오성안마원,"강원도 횡성군 횡성읍 화성로 3, 2층",033-345-0975
라파참안마원,강원도 횡성군 횡성읍 읍마남로25번길 14-5,033-345-8889
시인안마원,"대전광역시 서구 대덕대로162번길 15, 동아프라자 201호 (갈마동)",042-525-9144
실로암지압안마원,"경기도 수원시 팔달구 중부대로239번길 58 (우만동,2층)",031-217-7790
느낌안마시술소,경기도 수원시 영통구 청명남로34번길 3 (영통동),031-205-8597
모담지압안마원,"경기도 수원시 팔달구 인계로94번길 8, 4층 (인계동)",
고경환지압안마원,"경기도 수원시 팔달구 덕영대로697번길 17, 504-2호 (화서동, 그린프라자)",031-255-3337
원안마원,경기도 수원시 팔달구 경수대로507번길 12-14 (인계동),031-234-2655
제이안마시술소,경기도 수원시 팔달구 장다리로 331 (인계동),
행복지압안마원,"경기도 수원시 장안구 송원로 39, 월드타워 2층 202호 (송죽동)",
드림안마원,"경기도 수원시 영통구 매봉로35번길 16-6, 1층 (매탄동)",031-893-7575
엔돌핀안마원,"경기도 수원시 팔달구 중부대로 54, 2층 (인계동)",031-233-7774
프로힐링지압안마원,"경기도 수원시 장안구 경수대로 940, 513호 (조원동, 일호골든타워1)",031-252-7975
킹안마시술소,"경기도 수원시 영통구 효원로 383 (매탄동,매탄프라자9층)",031-217-0787
경기안마원,경기도 수원시 권선구 정조로 575 (세류동),031-233-8438
샴푸안마시술소,경기도 수원시 권선구 수인로 275 (구운동),031-298-7720
명성지압안마원,"경기도 수원시 팔달구 화양로5번길 1, 401호 (화서동)",031-241-7482
진주,경기도 수원시 장안구 파장로 77 (정자동),031-246-4165
뉴허브안마시술소,경기도 수원시 장안구 송원로 39 (송죽동),031-243-1210
피로타파 안마원,"경기도 수원시 팔달구 인계로124번길 27, 4층 (인계동, 동림빌딩)",031-236-0022
홀릭안마시술소,경기도 수원시 영통구 덕영대로 1535 (영통동),031-202-4547
향기안마시술소,경기도 수원시 팔달구 효원로235번길 46-11 (인계동),031-237-6496
참손길지압힐링센터수원역점,"경기도 수원시 팔달구 덕영대로 905, 1003호 (매산로1가, 아이메카 상가)",031-258-7555
100세안마지압원,경기도 수원시 장안구 정조로945번길 24 (영화동),031-242-0506
예쁘제경락경혈지압안마원,"경기도 수원시 장안구 파장로54번길 6, 1층 (파장동)",031-246-8690
웰빙카페지압안마원,"경기도 수원시 권선구 곡선로50번길 33, 4층 (곡반정동)",
건강안마원,"경기도 수원시 팔달구 팔달문로 135, 1층 (우만동)",031-213-7722
삼성안마시술소,"경기도 수원시 팔달구 인계로108번길 49 (인계동,(5층))",031-224-7687
유니안마시술소,"경기도 수원시 팔달구 효원로219번길 48 (인계동,영지빌딩4층)",031-223-6545
감초안마원,"경상북도 포항시 북구 새천년대로 1055, 201호 (창포동)",246-2301
야안마시술소,"부산광역시 북구 금곡대로285번길 22, 월드타워 7층 (화명동)",051-364-1114
성모지압안마원,"대구광역시 달서구 월배로 322, PK빌딩 5층 (송현동)",053-631-2020
윤정문안마원,"서울특별시 성동구 성수일로10길 32, (주)창미건물 3층 (성수동2가)",
대체안마원,제주특별자치도 제주시 귀아랑1길 3 (연동),064-749-2929
목동건강안마원,"서울특별시 양천구 오목로54길 2, 3층 (목동)",
전부다약손약초콜,경상북도 포항시 북구 칠성천길 98 (죽도동),
벤츠 안마시술소,경상북도 포항시 남구 중흥로61번길 14 (상도동),284-7774
좋은손길안마원,경상북도 포항시 북구 학전로 98 (두호동),054-252-7553
성혜지압안마원,경상북도 포항시 남구 상도로26번길 19 (상도동),277-1990
태을지압안마원,"경상북도 포항시 남구 대이로 112-3 (대잠동, 이동시장상가 2층)",275-1771
O-편한케어안마원,"경상북도 포항시 북구 중앙로308번길 12-7, 1층 (여천동)",054-614-5788
포항이동안마원,"경상북도 포항시 남구 대이로 93, 2층 (대잠동)",610-7575
사랑케어안마원,경상북도 포항시 북구 월막길24번길 1-2 (대신동),054-244-7720
한국안마원,충청북도 청주시 흥덕구 직지대로743번길 28 (운천동),
박기관안마지압원,"부산광역시 서구 해안새벽시장길 48, 2층 (충무동1가)",051-242-9955
오손도손건강안마원,경기도 가평군 가평읍 옥골길 3,
오스마일안마원,인천광역시 미추홀구 신기길 28 (주안동),
강남안마시술소,"부산광역시 연제구 과정로 137, 삼호라이프레포츠텔 지하2층 (연산동)",
백선생지압안마원,경상남도 산청군 신안면 원지강변로63번길 30-38,
허준안마원,"경기도 의정부시 체육로 298-7, 크로바프라자 203호 (녹양동)",
라파지압원,"충청남도 서산시 예천1로 36, 2층 (예천동)",
신세계지압안마원,"대구광역시 서구 서대구로42길 34-1, 1층 (평리동)",
바른체형안마원,"경상북도 안동시 경동로 159, 1층 (송현동)",
건강나라안마원 구암역점,"대구광역시 북구 태암남로 10, 영광빌딩 5층 (태전동)",532171371
활력안마원,"강원도 춘천시 공지로 226, 3층 (효자동)",033-261-9675
마음가득안마원,"강원도 춘천시 춘천로 312, 4층 404호호 (후평동)",033-252-6619
늘편한안마원,"대전광역시 동구 옥천로 183, 209호 (판암동)",042-286-1113
수안마시술소,"대전광역시 유성구 온천로 22, 5층 (봉명동)",
뉴속초안마시술소,강원도 속초시 먹거리2길 34 (교동),033-638-0022
명성안마원,"전라북도 전주시 완산구 평화18길 21-7, 1층 (평화동1가)",063-715-1106
성라파엘안마원,"광주광역시 북구 자산로 89-1, 천주교광주대교시각장애인선교회 3층 (신안동)",062-527-6004
가온안마원,"인천광역시 미추홀구 인주대로 162, 삼성빌딩 (용현동)",032-888-3697
건강안마원,충청남도 서천군 서천읍 서천로 19-2,419526636
친사랑 안마지압원,충청남도 서천군 장항읍 장서로 48-5,
함양안마원,경상남도 함양군 수동면 수동1길 172,
수동지압원,전라남도 나주시 문평면 수동길 84-9,
수기모아안마원,"강원도 춘천시 애막골길3번길 61, 1층 (석사동)",033-262-1868
계산지압안마원,"인천광역시 계양구 장제로 719-23, 5층 502호 (작전동)",032-555-2236
가좌보건안마원,"인천광역시 서구 건지로399번길 3, 301호 (가좌동)",032-710-7571
서현국가공인안마센터안마원,"경기도 성남시 분당구 불정로376번길 7, 건일빌딩 3층 303호 (서현동)",031-704-8885
금손지압안마원,"경기도 남양주시 별내2로 64, 쎈타프라자 901호 (별내동)",
영지압원,"부산광역시 서구 천마로 145-1, 1층 (남부민동)",
건강지킴안마원,"인천광역시 계양구 계산새로87번길 16, 계양신명스카이홈 2층 202호 (용종동)",032-547-8580
참손길지압힐링센터,"경기도 수원시 영통구 대학3로4번길 2, 광교 파인렉스2 303호 (이의동)",031-212-7554
태안지압안마원,"충청남도 태안군 태안읍 군청로 26, 2층",041-672-8852
안마박사,전라남도 목포시 백년대로337번길 10-1(상동),
동탄보건안마원,"경기도 화성시 동탄대로19길 10, 신유메디프라자 703,704호 (오산동)",031-372-7791
팔팔지압원,"부산광역시 사상구 사상로 88, TY빌딩 5층 (감전동)",051-313-0188
천사의 손,"울산광역시 중구 학성공원4길 2-1, 1층 (학성동)",052-904-2004
클래식안마원,"경기도 구리시 검배로 56-1, 한림빌딩 (수택동)",315633002
가구거리 햇님안마원,"부산광역시 동구 중앙대로460번길 32, 1층 (좌천동)",516326544
드림도수안마원,"광주광역시 광산구 첨단중앙로170번길 12, 3층 (쌍암동)",
회복이됐다안마원,"경기도 파주시 광탄면 혜음로 1371, 회복이됐다안마원 1층",
해밀안마원,"부산광역시 부산진구 서전로9번길 27, 4층 (부전동)",051-819-1992
서강안마지압원,"부산광역시 사하구 낙동대로 280, 301동 B102호 (괴정동, 사하역 비스타 동원)",
거뜬안마원,충청북도 충주시 야현4길 19(교현동),
약손 지압 안마원,"경기도 수원시 권선구 금곡로212번길 25, 광일프라자 506호 (금곡동)",031-298-8575
침사랑안마지압원,대전광역시 대덕구 계족산로43번길 14 (중리동),635-7550
하늘약손안마원,"대전광역시 대덕구 계족로521번길 34, 102호 (중리동)",
정안마원,"대전광역시 서구 문정로170번길 154, 2층 (둔산동)",042-863-9675
사랑모아안마원,"대전광역시 서구 관저중로95번길 42, 1층 (관저동)",042-300-0535
21세기지압안마원,"대전광역시 서구 가장로 106, 201,202호 (가장동, 삼성 래미안아파트)",042-524-3375
천지인지압안마원,"대전광역시 대덕구 중리동로17번길 52, 1층 (중리동)",042-627-5353
와아! 지압안마원,"대전광역시 대덕구 중리동로56번길 24, 1층 (중리동)",042-321-7441
큰손안마원,대전광역시 대덕구 한남로 115 (오정동),
금강안마원,"대전광역시 대덕구 옛신탄진로 121, 2층 (오정동, 대림빌딩)",042-622-4822
라파지압안마원,"대전광역시 서구 한밭대로 701, 2층 (월평동)",042-488-8277
강덕안마원,대전광역시 서구 계룡로342번길 207 (갈마동),042-531-1556
약손지압안마원,"대전광역시 서구 벌곡로1285번길 120, 3층 (가수원동)",042-545-7259
건강한안마원,"대전광역시 서구 둔산중로 20, 207호 (탄방동)",482-7913
명심안마원,"대전광역시 서구 정림로 55, 209호 (정림동, 우성아파트1차)",042-840-7753
조완종안마원,대전광역시 서구 괴정로8번길 113 (괴정동),532-1907
송경진지압안마원,"대전광역시 서구 대덕대로168번길 26, 3층 301호 (갈마동)",042-525-9675
고침안마원,"대전광역시 서구 도마로 51 (변동, 성암화인빌 1층)",522-4008
몸사랑안마원,"대전광역시 서구 청사서로 26, 504호 (월평동)",042-471-9990
이선생안마원,"대전광역시 서구 탄방로7번길 132, 1층 (탄방동)",042-322-7288
명인안마원,"대전광역시 서구 둔산로 230, 2층 (둔산동)",042-472-5992
건강지킴 안마원,"대전광역시 서구 도산로 342, 2층 (용문동)",
진안마원,부산광역시 동구 중앙대로349번길 38 (수정동),464-7535
바른몸건강지킴이안마원,"부산광역시 수영구 연수로401번길 4, 4층 (수영동)",051-761-1188
지압박사 안마원,"부산광역시 수영구 수영로384번길 26, 2층 (남천동)",051-622-2807
한성안마원,부산광역시 동구 고관로 164 (좌천동),632-1122
온지압안마원,부산광역시 동구 조방로 38 (범일동),867-9417
HC힐링안마원,"부산광역시 동구 범일로 113, 2층 (범일동)",204-7575
가자장수힐링지압안마원,"부산광역시 동구 조방로 39-11, 5층 (범일동)",051-635-7575
약손경락지압원,"부산광역시 동래구 명륜로103번길 2, 2층 (명륜동)",051-557-1470
건강찾기안마원,"경상남도 창원시 마산합포구 반월동1길 18, 우체국 골목 골프연습장앞동 (월포동)",055-247-5575
전통안마지압센타,"경상남도 창원시 마산회원구 삼호로 36, 신세계백화점앞동 2층 (양덕동)",055-253-5569
설탕안마시술소,"경상남도 창원시 성산구 마디미로21번길 4 (상남동, 아이죤빌딩6,7층)",284-8374
동양지압시술원,"경상남도 창원시 마산회원구 팔용로 3, 양덕사거리동 2층 (양덕동)",055-297-8917
마산물리지압시술원,"경상남도 창원시 마산합포구 신마산시장길 14, 번개떡집위쪽동 2층 (월남동5가)",055-244-2028
정일품안마원,"경상남도 창원시 마산합포구 오동서17길 10-16, 1층 (중성동)",055-221-7577
한효안마센타,경상남도 창원시 마산회원구 북성로 118 (회원동),055-222-0179
핸드테크지압원,"경상남도 창원시 마산합포구 성호남1길 21, 1층 (추산동)",
화타의손,경상남도 창원시 마산회원구 합성옛길 271 (합성동),055-255-3525
마이더스안마원,경상남도 창원시 의창구 반계로 103 (팔용동),294-2080
윤안마원,경상남도 창원시 성산구 마디미로31번길 10 (상남동),286-6734
명인안마원,"경상남도 창원시 성산구 원이대로393번길 25, 케이프타운 4층 4037, 4038호 (반지동)",
행복한지압원,"경상남도 창원시 마산회원구 용마로 126, 3층 303호호 (양덕동)",
현안마원,"경상남도 창원시 의창구 평산로159번길 9, 2층 (서상동)",055-251-2398
편한몸안마원,"경상남도 창원시 의창구 원이대로 283, 4층 403, 404호 (봉곡동, 청마상가)",055-277-7580
기룡안마센타,경상남도 창원시 마산합포구 진동면 서촌숲끝길 16,
실로암안마지압원,경상남도 창원시 진해구 용재로 11-1 (용원동),
백세안마원,"경상남도 창원시 성산구 신월로 8, 1층 (신월동)",055-283-2220
참좋은지압안마원,"경상남도 통영시 새터길 18, 2층 (서호동)",055-646-9981
쵸이스안마시술소,"경상남도 통영시 안개로 32, 2,3층 (무전동)",641-5285
통영지압안마원,경상남도 통영시 당동길 4 (당동),055-648-8771
재생지압침술원,경상남도 밀양시 터미널3길 13 (내이동),352-3175
유명지압침술원,경상남도 밀양시 무안면 문화중앙길 18-1,352-0062
행림안마원,경상남도 밀양시 하송정3길 26 (내이동),356-0855
태백건강안마원,"강원도 태백시 황지로 34-1, 2층 (황지동)",033-552-6537
오행침안마원,강원도 인제군 기린면 기린로 47-1,461-5758
황용진안마원,강원도 춘천시 옛경춘로 334 (칠전동),033)251-9989
길인배 안마원,강원도 춘천시 효자로 63 (효자동),033-251-5588
김영삼 시술소,강원도 춘천시 공지로 442-17 (근화동),033)256-0303
호반 안마원,강원도 춘천시 소양로 174 (소양로2가),033-255-1471
한림침안마시술원,강원도 인제군 인제읍 비봉로 9-2,461-3208
동명침안마원,강원도 인제군 서화면 천도로 110,461-2356
태림시술원,강원도 춘천시 시청길10번길 11 (조양동),033-257-3332
승록안마원,강원도 춘천시 번개시장길 5 (소양로1가),033)242-7588
중앙안마시술소,강원도 춘천시 시청길 16-1 (조양동),033)244-1235
정다운 안마원,강원도 춘천시 춘주로92번길 19 (온의동),033-241-0325
박기철 안마원,강원도 춘천시 효석로89번길 19 (석사동),033-264-1875
바오로안마원,강원도 춘천시 성심로47번길 32 (후평동),033)244-2999
함수영건강지킴이안마원,강원도 춘천시 효제길 34 (효자동),242-5123
시원안마원,"강원도 춘천시 애막골길16번길 22-1 (석사동,1층)",033-263-7588
산안마시술소,"강원도 원주시 장미공원길 25-5, 4층 (단계동)",033-744-3242
새아침안마원,"강원도 원주시 중앙시장길 6 (중앙동,중앙시장 라동 27호)",
수안마시술소,"강원도 원주시 장미공원길 16 (단계동,5층)",033-742-5445
슈퍼맨안마시술소,강원도 원주시 장미공원길 47-1 (단계동),033-731-5096
명안마원,"강원도 원주시 중앙시장길 11 (중앙동,자유시장 지하 나-7호)",
평화안마원,"강원도 원주시 남원로 659-2, 106호 (명륜동)",
권재혁전통안마원,"강원도 원주시 평원로 44, 1층 (평원동)",033-743-7553
에덴지압시술원,강원도 원주시 강변로 211-3 (단구동),033-764-1211
건강안마원,"강원도 원주시 한지공원길 94-34, 101, 104호 (명륜동, 현대아파트 상가)",033-766-0090
강남안마원,강원도 원주시 치악로 1803 (명륜동),
베데스다 안마원,강원도 원주시 금불4길 32 (단계동),033-731-9675
더드림안마원,"강원도 원주시 서원대로 408, 광장빌딩 5층 505호 (단구동)",
권성길서울안마원,"강원도 원주시 남산로 180, 1층 112호 (학성동, 대성빌딩)",033-900-7899
구암보건안마센터,"광주광역시 동구 의재로96번길 26-1, 1층 (소태동)",
엄지지압안마원,"서울특별시 중랑구 면목로85길 8, 성우빌딩 2층 201호 (상봉동)",02-496-9703
건강안마센터 효자손,"광주광역시 서구 풍금로 171, 평화빌딩 5층 (금호동)",
해든손 지압원,"광주광역시 광산구 임방울대로 334, 노블메디컬센터 8층 (수완동)",062-954-4040
충북보건안마센타,"충청북도 청주시 청원구 상리로8번길 4, 청주아트홀 3층 (율량동)",043-236-5544
김연서라파안마원,"인천광역시 계양구 하느재로5번길 5, 2층 203호 (계산동)",
비너스안마시술소,전라북도 익산시 인북로4길 21-1 (인화동1가),063-843-9553
썬안마시술소,전라북도 익산시 익산대로2길 29 (인화동1가),
건강사랑안마사랑,전라북도 익산시 선화로33길 60 (남중동),063-854-0195
두드림안마원,"전라북도 익산시 동서로5길 129, 삼우약국 (신동)",
장수안마원,전라북도 익산시 인북로24길 2 (남중동),063-832-9898
건강안마원,"전라북도 익산시 신동로 12-1, 피자캣 1층 (신동)",
상상안마시술소,전라북도 익산시 목천로1길 24-25 (인화동1가),063-856-7979
바른자세안마원,"인천광역시 계양구 경명대로 1138, 동남빌딩 5층 (계산동)",545-8235
몽 안마시술소,"인천광역시 계양구 도두리로 21 (계산동,(8층))",032-545-8577
계양건강안마원,"인천광역시 계양구 장제로995번길 7 (박촌동,무진빌딩 5층층)",032-554-1015
라파안마원,인천광역시 계양구 계양문화로 86 (용종동),032-555-1522
밝은세상안마원신천역점,"대구광역시 동구 송라로 86, 4층 (신천동)",053-754-8885
바른몸약손안마원,경상남도 통영시 광도면 죽림2로 76-163,055-642-2002
라파힐링케어안마원,"경기도 고양시 일산동구 강석로 145, 고양축협 마두지점 2층 201호 (마두동)",031-901-4789
용지압안마 힐링센터 안마원,"경기도 용인시 수지구 성복2로 17, 골드프라자1 지3층 B314호 (성복동)",031-264-7575
태양안마원,"경기도 고양시 덕양구 호국로 798, 삼성홈타워오피스텔 상가 204호 (성사동)",031-965-1888
다나지압안마원,"경기도 의정부시 충의로 62, 4층 (용현동)",
토닥토닥안마원,"부산광역시 동래구 충렬사로 38, 2층 (안락동)",
건강지압안마원 손길,"광주광역시 광산구 첨단강변로 95, 3층 302호 (쌍암동)",971-9975
참손길지압안마원,"서울특별시 영등포구 여의대방로 375, 아일렉스타워 4층 401, 402호 (여의도동)",02-1544-3057
오학안마원,"경기도 여주시 여양로 222-3, 1층 (천송동)",031-884-2999
김포보건힐링안마원,"경기도 김포시 유현로 52, 프라임빌복합상가 206호 (풍무동)",
진흥안마원,충청북도 충주시 국원대로 140-1 (연수동),043-852-7888
성진안마원,"대전광역시 동구 흥룡로71번길 99, 2층 (가양동)",
수기근통안마원,"강원도 속초시 먹거리길 18, 2층 (교동)",
이아소안마원,"서울특별시 금천구 금하로 734-1, 2층 (시흥동)",28967776
검단서재민안마원,"인천광역시 서구 완정로10번길 6-6, 두경프라자 302호 (마전동)",032-568-4880
박덕화안마원,"서울특별시 강북구 도봉로 325, 수성타워 11층 (수유동)",
한국정통안마원,"서울특별시 노원구 동일로 1368, 롯데프라자빌딩 5층 1호 (상계동)",02-932-7577
검암지압안마원,"인천광역시 서구 검암로 27, 중앙프라자 201호 (검암동)",032-716-9166
중앙 백 안마원,"경상북도 경주시 화랑로 53, 2층층 (성건동)",
증평안마센터,충청북도 증평군 증평읍 중앙로4길 13,043-836-4275
신의손길안마원,"인천광역시 부평구 세월천로 23, 2층 (청천동)",032-502-5302
해피안마원,"경기도 부천시 경인로 316-1, 2층 (소사본동)",
부평안마시술소,"인천광역시 부평구 대정로 66, 다운타운일레븐 303호 (부평동)",
하늘안마원,"제주특별자치도 제주시 중앙로14길 6-1, 2층 (이도일동)",064-749-0888
성보수기안마원,"경상남도 김해시 활천로16번길 9, 101(일부)호 (삼정동, 경남빌라)",
손길지압안마원,"경기도 포천시 소흘읍 송우로 53, 우덕프라자 3층",031-544-5654
교하보건안마원,"경기도 파주시 청석로 272, 센타프라자1 405호 (동패동)",031-944-9967
경주지압안마원,"부산광역시 동래구 석사로34번길 22, 2층 (사직동)",051-502-3696
땡큐안마지압원,"광주광역시 서구 상무평화로 62, 라인동산아파트 상가1동 2층 208호 (치평동)",
정읍시민안마원,"전라북도 정읍시 중앙로 49, 212호 (연지동, 정읍연지영무예다음주상복합)",063-536-4339
에덴 건강안마원,세종특별자치시 조치원읍 새내10길 59,
한국보건안마센터,"광주광역시 동구 의재로 13-5, 1층 (학동)",
홍선생안마원,"경상남도 창녕군 남지읍 동포7길 9, 2층",055-521-7585
쉼터안마원,"인천광역시 미추홀구 경인남길102번길 107, 2층 (용현동)",032-442-6636
강남안마원,"경기도 부천시 옥산로 142, 3층 1호 (도당동)",032-665-2254
우사우사안마원,"전라남도 신안군 압해읍 압해로 860-1, 202호",
백지압안마원,"서울특별시 노원구 동일로 1343, 동일프라자빌딩 304호 (상계동)",02-932-6700
가야안마지압원,부산광역시 부산진구 가야대로510번길 84 (가야동),
최재춘엄지로지압안마원,"경기도 화성시 병점중앙로 87, 태안병점 브이타운 1층 (병점동)",031-232-9924
미안마시술소,"경기도 남양주시 경춘로 1260, 하나프라자 209~211호 (평내동)",031-511-6969
달인안마원,제주특별자치도 제주시 오복1길 24-7 (이도이동),064-900-5578
시원손안마원,"충청남도 서산시 대산읍 구진로 15, 1층",
참좋은손안마원,"경기도 안산시 단원구 광덕동로 61, 중앙프라자 509 호 (고잔동)",031-487-8978
더조은안마원,"경상남도 창원시 진해구 충장로657번길 28, EM시티빌딩 3층 (장천동)",055-547-4855
비젼안마원,"제주특별자치도 제주시 신대로16길 41, 2층 (연동)",
제이안마시술소,"경기도 구리시 체육관로 140, 일군타워 3층 (교문동)",
대성안마원,"서울특별시 강북구 인수봉로56길 9-2, 1층 (수유동)",02-902-7610
기찬안마원,"강원도 강릉시 옥가로 61, 1층 (교동)",033-645-4787
체리안마시술소,"광주광역시 광산구 임방울대로 779 (쌍암동,지하1층)",062-972-3503
수안마,"광주광역시 광산구 첨단중앙로152번길 46 (쌍암동,3층)",062-974-2342
운화경락지압원,광주광역시 광산구 사암로92번길 55 (우산동),062-944-7412
바비안마시술소,"광주광역시 광산구 사암로 214, 3층 (우산동)",062-962-5883
OK 안마 지압원,광주광역시 광산구 사암로 286 (월곡동),062-456-7575
세븐안마시술소,대전광역시 유성구 온천서로 30 (봉명동),042-825-4420
동경안마시술소,"대전광역시 유성구 온천로 36, 4, 5층 (봉명동)",042-826-7200
킹안마시술소,"대전광역시 유성구 온천로 34 (봉명동,5층)",042-825-8599
장대지압안마원,대전광역시 유성구 유성대로 780 (장대동),822-2823
오뚜기안마시술소,"대전광역시 유성구 계룡로141번길 29-5, 2층 (봉명동)",864-5454
안마이야기안마원,"대전광역시 유성구 노은로 144, 504호 (지족동, 노은타운)",
샴페인안마시술소,대전광역시 유성구 계룡로141번길 13-9 (봉명동),042-825-6003
미소안마원,"대전광역시 유성구 지족로 367, 5층 (지족동, 타워프라자)",472-7505
백선생지압안마원,"경상남도 진주시 남강로 481, 1층 (신안동)",
서궁안마시술소,"경상남도 진주시 순환로 528, 15층 (평거동, 원정스카이팰리스)",055-745-1274
진주지압안마원,경상남도 진주시 돗골로94번길 6 (상평동),759-4385
건강안마원,경상남도 진주시 진주성로87번길 8-1 (상봉동),
정유섬지압,"경상남도 양산시 양주3길 11-10, 1층 (중부동)",055-382-0444
약손건강안마원,경상남도 양산시 동면 금오4길 66,372-1080
A안마시술소,경상남도 거제시 서문로 70 (고현동),055-637-8262
햇빛안마클리닉,"경상남도 거제시 옥포로 250, 2층 (옥포동)",055-687-8563
한빛시술원,경상남도 김해시 호계로517번길 27 (서상동),055-336-7457
로뎀지압원,"경상남도 김해시 내외중앙로 44 (외동,덕산베스트코아 703호)",055-328-6489
웰빙안마원,"경상남도 김해시 함박로119번길 18, 208동 205,206호 (외동, 덕산아파트 부상가)",336-4446
보성안마원,"경상남도 김해시 내외중앙로 44 (외동, 덕산베스트코아 302호)",
샘안마시술소,경상남도 김해시 번화1로 78 (대청동),055-313-5966
라파지압원,경상남도 김해시 진영읍 여래로 27,346-2252
백세건강지압원,경상남도 김해시 가락로93번길 7 (서상동),903-7416
정선생지압안마원,"경상남도 김해시 번화1로68번길 7, 204호 (대청동, 장안플라자)",
남해최고지압원,"경상남도 남해군 남해읍 화전로43번길 7, 상하이반점",055-862-5775
창원안마원,"경상남도 창원시 의창구 도계로 102 (도계동, 대남상가208-2호)",277-2281-2
두드림안마원,"경상남도 창원시 성산구 용지로 74, 전원상가 2층 3호 (중앙동)",055-267-7555
건암물리지압원,"경상남도 창원시 진해구 동진로 56-4, 1층 (석동)",055-547-3987
약손안마원,"경상남도 창원시 의창구 북면 감계로 304, 재성빌딩 2층 202호",
바른안마원,"경상남도 창원시 성산구 상남로 71, 창원코아상가 4층 404호 (상남동)",
편강안마원,"경상남도 창원시 성산구 상남로 246, 2층 (신월동)",055-266-2577
제일안마센터,"경상남도 창원시 마산회원구 양덕로 193, 제일빌딩 (석전동)",
팔팔안마원,"경상남도 창원시 의창구 팔용로 420, 유토피아상가 3층 301호 (팔용동)",055-298-5882
백양지압원,경상남도 김해시 삼안로 228 (삼방동),055-326-7798
장유힐링지압원,경상남도 김해시 능동로7번길 8-23 (삼문동),055)323-7588
구민시술원,강원도 고성군 간성읍 간성로 75,
동하안마시술소,"강원도 동해시 한섬로 107, 3층 (천곡동, 경성빌딩)",033-533-9494
원강안마테라피안마원,강원도 양구군 양구읍 장터길 12,033-482-7896
다나시술원,강원도 속초시 중앙로 406 (장사동),
행복안마원,"전라남도 여수시 미평로 79, 211호 (미평동, 주공상가)",
싼타,"경기도 안산시 단원구 선부광장1로 62, 503,504호 (선부동, 동원빌딩)",031-411-4390
태양안마시술소,"경기도 안산시 상록구 용신로 383, 삼우프라자 6층 (본오동)",
로뎀지압마사지안마원,"경기도 안산시 단원구 고잔2길 16, 에머랄드빌딩 506,507호 (고잔동)",031-411-4321
송창운안마원,"경기도 안산시 단원구 광덕동로 99, 현대타운 107호 (고잔동)",031-411-1413
광주안마,경기도 광주시 경안로 13-7 (경안동),031-767-1141
손안마원,"경기도 광주시 파발로 103, 2층 (송정동)",031-797-7655
용안마시술소,경기도 안산시 단원구 광덕2로 163-5 (고잔동),031-484-3398
평양안마시술소,"경기도 안산시 단원구 광덕2로 186-3, 401호 (고잔동, 장은프라자)",031-487-7765
좋은손길안마원,"경기도 안산시 단원구 광덕서로 86, 302호 (고잔동, 법조타운)",031-483-7565
네로궁안마시술소,"경기도 부천시 길주로 86, 해피플러스 8층 801,802호 (상동)",032-328-5844
가나안지압안마원,"경기도 부천시 부일로 414-6, 2층 (심곡동, 한일코지세상)",667-7575
물방울안마시술소,경기도 부천시 부일로199번길 21 (상동),327-1588
서울안마원,"경기도 부천시 부일로 320, 203호 (중동)",665-5932
이희진안마원,경기도 부천시 석천로 38  (상동),667-6500
네이버안마원,경기도 부천시 중동로248번길 52  (중동),321-9717
호두안마시술소,"경기도 부천시 부흥로303번길 62, 8층 (중동)",032-321-5272
뉴필안마시술소,"경기도 고양시 일산동구 무궁화로 34 (장항동,남정씨티프라자Ⅱ505,509,510호)",901-7237
원안마시술소,"경기도 고양시 일산동구 정발산로 38, 장항동이스턴시티 506,506-1,507,507-1,508호 (장항동)",031-908-2861
두손안마원,"경기도 부천시 경인로 519, 205호 (괴안동)",346-8875
로마안마시술소,"경기도 부천시 길주로 288, 901호,902호 (중동, 다운타운)",032-328-6755
자연안마원,"경기도 부천시 부천로 173, 2층 (춘의동)",032-667-1414
치료손지압안마원,"경기도 부천시 부천로 113, 2층 (심곡동)",032-664-7111
마법의약손안마원,"경기도 부천시 상동로 105, 현해프라자 504호 (상동)",032-326-8875
부일지압안마원,"경기도 부천시 자유로 68, 1층 일부호 (심곡본동)",032-346-6665
철산안마시술소,"경기도 광명시 오리로854번길 16, 4층 (철산동, 금강빌딩)",2612-8460-2
다나건강안마원,"경기도 광명시 너부대로 46, 1층 (광명동)",02-2617-6600
광명바른손안마원,"경기도 광명시 디지털로33번길 5, 5층 (철산동, 그랜드프라자빌딩)",02-2612-1255
힐링안마원,"경기도 광명시 범안로 1008, 녹원토피아빌딩 302호 (하안동)",02-897-1919
이브안마시술소,"경기도 부천시 길주로 115, 시그마타워 403호 (상동)",070-7357-7910
부천약손지압안마원,"경기도 부천시 송내대로42번길 65 (송내동, , 지상1층)",032-654-8575
부천지압안마원,"경기도 부천시 중동로254번길 78, 필타운 3층 303호 (중동)",032-675-9374
뉴부일지압안마원,"경기도 부천시 경인로 263, 2층 (심곡본동)",032-655-8275
조은지압안마원,경기도 부천시 삼작로352번길 2 (여월동),032-654-6825
스토리안마시술소,"경기도 부천시 상동로 105, 901호 (상동)",032-241-0101
테라안마시술소,"경기도 부천시 상동로 81, 센타프라자 7층전체 (상동)",032-217-0071
홍안마시술소,"경기도 부천시 길주로 80, 로얄타워 402호 (상동)",032-321-5559
스타안마시술소,"경기도 고양시 덕양구 호국로777번길 35 (주교동,2층)",965-6336
우진안마시술소,"경기도 고양시 일산동구 무궁화로 31-2 (장항동,풍성프라자601~606호)",
청담안마시술소,"경기도 고양시 덕양구 호국로789번길 7 (주교동,301,302호)",031-962-9577
와이지한국보건안마원,"경기도 고양시 일산동구 중앙로 1048, 606호 (백석동, 일산르메이에르프라자)",031-906-2235
푸른지압안마원,"경기도 고양시 일산서구 중앙로 1371 (주엽동, 뉴서울프라자 3층)",031-908-0789
부천보건지압안마센터,"경기도 부천시 상동로 69  (상동,새롬프라자 15차 304호)",321-7954
태권V안마시술소,"경기도 성남시 분당구 서현로 204, 지층 102~104호 (서현동,  엘지분당에클라트 2차)",
캔디안마시술소,"경기도 성남시 분당구 성남대로 345, 지1층 (정자동, 정자역프라자 )",713-0217
수안마시술소,"경기도 성남시 분당구 돌마로 85, 8층 (금곡동, 동양프라자 )",031-711-4929
가은안마시술소,"경기도 성남시 분당구 돌마로 73, 지1층 (금곡동, 우방타워)",712-7958
휠안마시술소,"경기도 성남시 분당구 성남대로331번길 3-13, 지층 01호 (정자동, 대명제스트빌딩)",031-711-6620
최은영힐링지압안마원,"경기도 화성시 메타폴리스로 47-7, 201호 (반송동, 서해더블루)",031-8003-0904
향남안마원,"경기도 화성시 향남읍 행정서로1길 13-5, 1층",031-351-6263
에스안마시술소,"경기도 화성시 향남읍 평3길 15, 3층 (에쓰뻬랑스)",031-8047-0171
동화안마원,"경기도 화성시 봉담읍 동화길 93-6, 지존타워 4층 402호",031-278-5741
동경안마시술소,"경기도 화성시 동탄중심상가2길 29, 302~304호 (반송동, 세림프라자)",031-8058-1331
안녕지압안마원,"경기도 화성시 화산로 58, 1층 101호 (송산동)",031-234-7275
휴나래안마원,"경기도 화성시 효행로 1056, 206호 (병점동)",031-235-9981
초코렛안마시술소,"경기도 화성시 효행로 1068, 9층 (병점동, 리더스프라자)",031-898-9901
캐슬안마시술소,"경기도 화성시 떡전골로 82, 5-6층 (병점동, 동아골드프라자)",031-231-2102
여우안마시술소,"경기도 화성시 효행로 1056 (병점동, 탑프라자5층)",
에이플러스안마시술소,"경기도 화성시 효행로 1069, 8층 801~806호 (진안동, 우성메디피아)",031-225-6577
벨안마시술소,"경기도 화성시 노작로 149, 6층 (반송동, J.O프라자)",031-513-8887
베스트안마시술소,"경기도 화성시 효행로 1072, 9층 (병점동, 상록프라자)",031-232-6889
스타안마시술소,"경기도 성남시 중원구 성남대로 1137, 6층 (성남동)",031-751-2663
라파건강안마원,"경기도 성남시 분당구 성남대로331번길 13, 402호 (정자동, 백궁프라자)",719-9062
핑크안마시술소,"경기도 성남시 분당구 느티로 16, B01호 (정자동, 젤존타워1)",
태평안마원,"경기도 성남시 수정구 성남대로 1235, 503호 (태평동, 연안빌딩)",031-757-4452
천궁안마시술소,경기도 성남시 수정구 산성대로283번길 6-8 (신흥동),031-735-6906
써니안마시술소,"경기도 성남시 수정구 산성대로 237, 6,7층 (신흥동)",031-756-2543
모란약손안마원,"경기도 성남시 중원구 광명로 20-1, 3층 (성남동)",031-753-1116
수안보안마시술소,"경기도 성남시 분당구 분당로53번길 15, 5층 501호 (서현동, 산호트윈스 )",031-702-7492
야후안마시술소,"경기도 성남시 분당구 구미로9번길 17, 8층 (구미동, 광림프라자 )",717-5281
애플안마시술소,"경기도 성남시 분당구 성남대로916번길 7, 8층 801~807호 (야탑동, 서일빌딩)",781-8844
장수건강안마원,"경기도 성남시 분당구 돌마로 79, 601,602호 (금곡동, 썬프라자)",031-718-7722
(가)분당건강안마원,"경기도 성남시 분당구 돌마로 47, 806호 (금곡동, 이코노샤르망)",031-717-3132
팝콘안마시술소,"서울특별시 노원구 노해로83길 10-11, 3층, 4층 (상계동)",02-932-0880
테티스안마시술소,"서울특별시 강남구 테헤란로77길 17, 지하1층 (삼성동, 승광빌딩)",
하나안마원,"서울특별시 강남구 논현로66길 13, 202호 (역삼동)",02-3432-8852
시티안마시술소,"서울특별시 강남구 테헤란로20길 11-2, 1~4층 (역삼동)",02-556-8577
힐링스토리,"서울특별시 광진구 자양로16길 22, 2층 (자양동)",02-3436-7582
스타안마시술소,"서울특별시 강남구 테헤란로10길 7, 1~3층 (역삼동)",02-2052-1681
쉼표안마원,"서울특별시 강남구 일원로3길 50, 지하 1층 (일원동)",3411-7676
역삼지압안마원,"서울특별시 강남구 언주로98길 13-3, 101호 (역삼동)",555-9988
더편한안마원,"서울특별시 강남구 역삼로 315, 개나리5차상가 202호 (역삼동)",566-1775
백세지압안마원,"서울특별시 강남구 삼성로104길 7, 2층 (삼성동)",949-9090
참손길안마원,"서울특별시 강남구 테헤란로70길 10, 4층 (대치동, 동헌빌딩)",1599-3175
강남지압안마원,"서울특별시 강남구 도곡로63길 23, 2층 (대치동, 성진회관)",568-8811
드림안마시술소,"서울특별시 강남구 역삼로1길 8, 4층,5층 (역삼동, 평익빌딩)",02-501-1194
청홍안마원,"서울특별시 강남구 압구정로28길 22-11, 3층 301호 (신사동)",
클린안마센터서울5호점,서울특별시 강남구 일원로9길 10 (일원동),445-0530
다오안마시술소,"서울특별시 강남구 학동로 235, 6층,7층일부,8층 (논현동)",515-7771
소망지압안마원,"서울특별시 강동구 양재대로133길 16, 1층 (천호동)",02-475-7576
이성호안마원,"서울특별시 광진구 아차산로49길 34-4, 2층 (구의동)",446-2895
승록안마원,"서울특별시 광진구 능동로 436, 2층 (중곡동)",461-7078
어머니약손안마원,"서울특별시 강남구 삼성로 212, 202호 (대치동, 은마아파트상가)",568-7582
리라안마시술소,서울특별시 강남구 테헤란로48길 6 (역삼동),539-7787
스페셜안마시술소,"서울특별시 강남구 역삼로2길 15, 5층일부, 6~8층 (역삼동)",561-5952
은혜안마원,,489-0489
모어안마시술소,서울특별시 강남구 테헤란로33길 13-6 (역삼동),587-5096
킹안마시술소,서울특별시 강남구 강남대로92길 29 (역삼동),563-4808
MR강안마원,"서울특별시 강동구 구천면로 300, 2층 (천호동)",02-483-8843
가인안마시술소,"서울특별시 강남구 테헤란로2길 34 (역삼동, 1~4층)",02-538-1491
나인안마시술소,"서울특별시 강남구 언주로90길 12, 6~8층 (역삼동)",508-0025
보그안마시술소,서울특별시 강남구 언주로148길 13 (논현동),02-545-8574
골드안마시술소,"서울특별시 강남구 강남대로62길 16 (역삼동, 1층~4층)",553-5333
피쉬안마시술소,서울특별시 강남구 선릉로127길 8 (논현동),543-6601
토마토안마시술소,"서울특별시 강남구 언주로89길 7 (역삼동, 지하1층, 1~4층)",556-8181
지지안마시술소,"서울특별시 강남구 봉은사로 310, 지하2층 (역삼동, 대일빌딩)",573-7789
명가,"서울특별시 광진구 천호대로 696, 명가안마 2층 (구의동)",3437-1018
강남건강안마센터,"서울특별시 강남구 개포로 615, 석탑프라자 603, 604호 (개포동)",02-451-6010
백세안마원,"서울특별시 강남구 개포로 660, 종하빌딩 2층 202호 (일원동)",445-9464
케이지압센터,"서울특별시 강남구 학동로42길 73, 2층 (논현동)",549-1478
우리건강안마원,"서울특별시 강남구 학동로6길 12, 205호 (논현동)",02-517-1033
블루문타임안마시술소,"서울특별시 강남구 언주로86길 27, 1층일부, 2~5층 (역삼동)",553-7156
플러스 안마시술소,서울특별시 강남구 논현로 560 (역삼동),3448-0522
서울보건안마원,"서울특별시 강남구 개포로 510, 현대빌딩 401호 (개포동)",
로얄안마시술소,서울특별시 광진구 아차산로 388-1 (자양동),452-0111
명지압안마원,"서울특별시 광진구 자양로5길 8, 1동 201호 (자양동, 태솔타운)",453-7418
상한가안마시술소,"서울특별시 강남구 선릉로92길 43, 1~5층 (삼성동)",
썸안마시술소,"서울특별시 금천구 가산로 144, 2.3층 (가산동)",02-895-5125
태양지압안마원,"서울특별시 금천구 금하로11길 8 (시흥동,1층)",896-7575
기적의손힐링안마원,"서울특별시 금천구 시흥대로41길 91, 2층 (시흥동)",02-873-9633
윤앤안마원,"서울특별시 관악구 신림로 318, 6층 (신림동)",
관악보건안마원,"서울특별시 관악구 남부순환로 1925, 호전크리닉스타워 301호 (봉천동)",02-6494-1119
바른손길안마원,"서울특별시 관악구 관악로15길 6, 4층 (봉천동)",02-878-1275
오 안마원,"서울특별시 관악구 신림로68길 29, 2층 (신림동)",02-889-7577
강재만안마원,"서울특별시 강북구 한천로139길 10, 3층 (수유동, 일심빌딩)",02-906-9990
YG힐링안마원,"서울특별시 관악구 남부순환로 1943, 2층 (봉천동)",070-8861-1515
장태수정통안마원,"서울특별시 강북구 한천로 1073, 3층 (수유동, 만양빌딩)",02-996-8877
도원안마원,서울특별시 관악구 남현3길 69 (남현동),586-3426
서울안마시술소,서울특별시 관악구 시흥대로 576 (신림동),838-9935
용안마시술소,서울특별시 관악구 남현1길 58 (남현동),587-1351
실로암장애인근로사업장안마원,서울특별시 관악구 남부순환로 1717 (봉천동),888-0729
레인보우안마원,"서울특별시 강북구 도봉로 157, 201호 (미아동, 두원프라자)",02-945-7543
스타안마시술소,"서울특별시 강북구 월계로3길 5, 2-4층 (미아동)",02-981-9988
정안마원,서울특별시 관악구 남부순환로 1703 (봉천동),873-2879
김해숙힐링안마원,서울특별시 남부순환로 1526,864-7578
보라매안마원,"서울특별시 관악구 봉천로 223-1 (봉천동,2층)",875-2789
친구안마시술소,서울특별시 강북구 도봉로89길 5-11 (수유동),02-900-6273
다산지압안마원,"경기도 남양주시 경춘로 380, 대진빌딩 2층 (다산동)",031-555-0875
해광지압원,충청북도 청주시 청원구 향군로 133-1 (내덕동),
벧엘새아침안마원,"경기도 고양시 덕양구 토당로 18, 204호 (토당동, 피렌체뷰)",031-972-8546
건강드림 안마센터,"광주광역시 서구 화운로156번길 26-1, 4층 (화정동)",
탑지압테라피안마원,"부산광역시 수영구 남천서로 4, 3층 (남천동)",051-623-1120
콕콕지압안마원,"대구광역시 수성구 청수로26길 36, 한성스퀘어 4동 402호 (두산동)",053-259-5454
진안마원,"대구광역시 달서구 월배로80길 66, 1층 (송현동)",053-941-1906
경북안마원,경상북도 경주시 강동면 강동로 23,
강릉시민안마원,"강원도 강릉시 경강로 2113, 3층 (임당동)",033-642-6663
"건강, 지압, 교정 안마원",경기도 수원시 권선구 금호로 57 (금곡동),031-294-7585
영주안마원,"경상북도 영주시 중앙로 74, 3층 (영주동)",
썸안마시술소,"경기도 김포시 김포한강9로75번길 66, 4층 (구래동)",
김제시민안마원,전라북도 김제시 화동길 47 (요촌동),063-546-8275
다향휴안마센터,전라남도 보성군 보성읍 현충로 44-12,
몸편한안마원,"대구광역시 달서구 달구벌대로 1545, 골든뷰 메디타워 603호 (죽전동)",
바디사이언스 늘푸른안마원,"경기도 수원시 영통구 봉영로 1612, 309호 (영통동)",031-204-6595
명가약손안마원,충청북도 청주시 청원구 율봉로176번길 47 (율량동),
으뜸힐링안마원,"경기도 성남시 수정구 위례광장로 27, 으뜸프라자 3층 302호 (창곡동)",031-723-9777
운정국가공인안마센터,"경기도 파주시 책향기로 573, 월드타워3차 3층 305호 (목동동)",031-949-3143
국가대표 안마원,"인천광역시 옹진군 영흥면 영흥로 298, 창의교육 101호",032 880-0591
건강연수안마원,"인천광역시 연수구 학나래로6번길 35, 5층 (선학동)",032-818-8575
라파의집지압안마원,"경기도 안산시 단원구 선부광장1로 14, 광원빌딩 305호 (선부동)",031-410-4475
명덕건강안마원,"대구광역시 중구 명덕로 179, 2층 (남산동)",053-212-9933
광명시술원,"강원도 춘천시 약사고개길 13, 제일백화점 1층 8,9호 (죽림동)",
조은지압안마원,"서울특별시 노원구 동일로180길 37, 공릉상가 2층 201호 (공릉동)",070-7717-7575
척추바른안마원,"충청남도 천안시 서북구 불당22대로 86, 마블러스에스타워 3층 309호 (불당동)",041-523-1275
약손안마지압원,경상북도 울진군 울진읍 울진중앙로 208,
동인안마원,"경기도 광주시 목동길46번길 28, 동인요양원 지1층 (목동)",031-797-5501
맥안마원,"경기도 부천시 상동로 90, 메가플러스 2층 214호 (상동)",032-511-7548
우리경락지압원,"광주광역시 북구 양일로305번길 11-1, 대림상가 2층 206호 (일곡동)",
국가대표안마지압원,"광주광역시 동구 필문대로 212, 1층 (지산동)",062-522-8575
안마코리아,강원도 강릉시 옥천로62번길 24 (교동),336445511
약손보건안마원,전라북도 남원시 금동로 15-6 (금동),
다온안마원,"경기도 안산시 상록구 중보로 55, 삼성프라자 109호 (이동)",031-439-1913
진실안마원,"경기도 안산시 상록구 본삼로 17, 202호 (본오동)",
송건강안마원,"충청남도 계룡시 금암로 139, 201호 (금암동)",
신안마원,"대전광역시 중구 동서대로 1326, 2층 (용두동)",042-719-7576
기혈경락지압원,광주광역시 북구 서방로160번길 18 (두암동),
약손지압안마원,"강원도 강릉시 하평길 2, 2층 (포남동)",
강릉안마원,강원도 강릉시 범일로 664 (내곡동),033-644-5637
강릉보건안마원,"강원도 강릉시 경강로 2251-1, 5층 (포남동)",033-643-5510
수안마,"강원도 정선군 사북읍 사북중앙로 77, 태림빌딩",
대명안마원,강원도 삼척시 대학로 17-19 (성내동),033-575-9588
건강지킴이안마원,강원도 홍천군 홍천읍 희망로 67,
오산시술원,강원도 홍천군 화촌면 굴운로75번길 20-3,033-435-5286
건강안마시술소,강원도 홍천군 홍천읍 홍천로 336-9,033-434-7012
두촌시술원,강원도 홍천군 두촌면 자은장터길 4-7,033-435-2919
송화지압안마원,강원도 홍천군 홍천읍 연봉중앙로 90-1,033-433-8575
고침안마원,강원도 홍천군 홍천읍 오룡로 63-8,033-436-5009
덕산지압원,강원도 강릉시 성덕포남로162번길 9-2 (포남동),653-8917
약손 경락 지압 마사지 안마센터,충청북도 보은군 보은읍 삼산남로 23-2,543-544-8875
보건바우처안마원,충청북도 보은군 보은읍 삼산로3길 11-2,043-542-8236
엄지안마원,경기도 가평군 가평읍 오리나무길 15-1 (주연테크),031-581-1271
약손건강안마지압원,경기도 시흥시 대골안길 86 (대야동),031-404-7599
스타안마시술소,경기도 동두천시 큰시장로 37 (생연동),031-866-9594
비제이(BJ)안마시술소,"경기도 시흥시 서촌상가3길 15-6, 해남프라자 4~5층 (정왕동)",031-319-1070
국가대표안마센터,"경기도 김포시 김포한강8로 382, 505호 (구래동)",031-997-8187
명문당지압안마원,경기도 동두천시 어수로106번길 16 (생연동),031-865-6866
동두천지압안마원,"경기도 동두천시 생골로 16, 1층 (생연동)",031-865-7852
엑스안마시술소,경기도 김포시 통진읍 김포대로2230번길 14-1 (외3필지),031-997-7789
몸편한보건안마원,충청북도 충주시 봉현로 295 (교현동),910-8275
타타타지압안마원,충청북도 충주시 천변로 221 (교현동),
조병일안마원,충청북도 충주시 동량면 지등로 3,853-0915
강남안마시술소,충청북도 충주시 애향로 63 (봉방동),043-855-1426
다나으리안마원,"충청북도 충주시 용정3길 28, 1층 (용산동)",
백암안마시술소,충청북도 충주시 성터7길 21 (문화동),043-854-5759
원당 안마원,"경기도 군포시 군포역1길 36, 103호 (당동)",031-427-1788
승록 안마원,"경기도 군포시 번영로 489, 301호 (산본동, 중앙타워)",398-8586
예침지압안마원,"경기도 군포시 고산로250번길 32, 3동 상가401호 (당동, 덕산아파트)",399-0027
탑안마원,"경기도 군포시 번영로 489, 209호 (산본동)",399-7575
금정안마시술소,"경기도 군포시 군포로 733, 8,9층 (금정동, SH빌딩)",
렉시안마시술소,"경기도 군포시 산본로323번길 16-6, 6층 6001,6003호 (산본동)",031-391-7022
그린힐마사지지압안마원,"경기도 군포시 산본로 276, 지하1층 (금정동)",031-396-8770
약손지압안마원,"경기도 고양시 일산서구 일산로 562, 비101호 (일산동, 신일산연합상가)",031-915-1375
건강드림안마원,"경기도 고양시 일산동구 일산로 460, 석우빌딩 502호 (정발산동)",070-8955-2200
의손안마원,"경기도 고양시 덕양구 용현로5번길 24, 2층 201호 (행신동, 백산오피스텔)",
피로타파안마원,"경기도 고양시 일산동구 중앙로 1192, 4층 1호 (마두동)",031-932-8875
원당가족안마원,"경기도 고양시 덕양구 마상로134번길 99, 2층 1호 (주교동)",966-8575
다나안마원,"경기도 고양시 덕양구 마상로 140, 임성빌딩 2층 (주교동)",031-966-8576
일산보건안마원,"경기도 고양시 일산동구 장백로 184, 우신프라자 306호 (장항동)",031-901-5890
제일안마원,"경기도 고양시 덕양구 화정로 53-1, 글로리아빌딩 3층 309호 (화정동)",031-963-9222
비타민안마시술소,"경기도 군포시 산본로323번길 13, 801-803호 (산본동)",399-9067
키키안마시술소,"경기도 군포시 산본로323번길 10-26, 3층 (산본동, 다복상가)",399-6581
라파안마원,"경기도 과천시 별양상가로 7, 4층 408호 (별양동, 벽산상가)",02-507-8575
용희재,"경기도 안산시 상록구 석호로 88 (사동,2층)",437-7975
나나안마시술소,"경기도 안산시 상록구 양지편로 32 (이동, 203,304호)",031-438-1680
건강지압안마원,"경기도 안산시 상록구 본삼로 45, 202,203호 (본오동)",031-407-8575
은혜지압안마원,경기도 안산시 단원구 광덕1로 56 (초지동),031-439-8575
두손헬스케어안마원,"경기도 안산시 상록구 네고지2길 17, 1층 (사동)",031-409-2070
평화지압안마원,"경기도 안산시 상록구 시낭로 38-1, 3층 301호 (월피동)",031-401-1966
서광민속안마원,"경기도 안산시 상록구 각골로 68-1, 3층 (본오동)",
안산보건안마원센터,"경기도 안산시 상록구 광덕1로 386, 캠퍼스타운 409호 (이동)",
예손지압안마원,"경기도 고양시 덕양구 삼송로 12, 반도유스퀘어 805호 일부호 (원흥동)",031-967-8208
KSS 근력강화 지압원,"울산광역시 남구 장검1길 21-16, 표현평면회화미술학원 (무거동)",
참 시원 안마원,"광주광역시 광산구 하남대로 153, 2층 (흑석동)",062-372-5808
바른자세고정안마원,"제주특별자치도 서귀포시 태평로 520, 2층 (동홍동)",
대연명인지압원,"부산광역시 남구 수영로196번길 9, 동키치킨 (대연동)",620-0045
단양보건안마센터,충청북도 단양군 단양읍 도전4길 20,043-422-0123
도담 손 안마원,"광주광역시 서구 풍암순환로 183, 2층 215호 (풍암동, 우미광장아파트)",062-651-1530
국가대표안마원,"경기도 부천시 길주로 276, 무광오피스텔 404호 (중동)",032-327-8575
바른손 건강마사지 안마원,"광주광역시 서구 시청로56번길 8, 세븐오피스텔 4층 (치평동)",062-383-1525
소문난안마원,"충청남도 예산군 예산읍 천변로 202, 삼양빌딩",
용궁  안마시술소,"경상북도 포항시 남구 중앙로 11, 3층 (해도동)",054-251-5882
바른척추안마원,"서울특별시 강서구 공항대로 227, 마곡센트럴타워Ⅰ 406호 (마곡동)",236647572
국가대표 안마 지압원,"광주광역시 북구 북문대로 29, 2층 (운암동)",062-522-8575
회복지압원,"광주광역시 북구 필문대로 95-1, 2층 (풍향동)",
임마누엘경락지압원-말바우,"광주광역시 북구 서방로 59-2, 3층 (우산동)",
자연미건강약손,광주광역시 북구 설죽로 306 (오치동),062-267-8963
진명지압원,"광주광역시 북구 부남길15번길 28, 1층 (문흥동)",
약손안마원,경상남도 합천군 합천읍 옥산로 67,
참손길안마원,"충청북도 청주시 상당구 산성로112번길 24, 3층 (용담동)",
청주지압교정안마원,충청북도 청주시 상당구 산성로11번길 16 (탑동),
정통안마원,충청북도 청주시 청원구 향군로 156  (내덕동),2245830
행복안마센터,"충청북도 영동군 영동읍 중앙로1길 18-2, 1층",
대명안마시술소,충청북도 청주시 흥덕구 1순환로 550 (봉명동),266-1178
원지압안마원,충청북도 청주시 흥덕구 풍년로 102  (가경동),237-9666
일심안마시술소,충청북도 청주시 상당구 중흥로 40 (용암동),
반재도지압안마원,"충청북도 청주시 상당구 월평로 161, 112호 (용암동, 용암건영아파트상가동)",043-283-7975
승록수기안마원,충청북도 청주시 흥덕구 강내면 청주역로 213-4,231-6267
핑크안마시술소,"충청북도 청주시 상당구 월평로184번길 62 (용암동,4층,5층)",288-5412
오석안마원,"충청북도 청주시 청원구 공항로150번길 94  (율량동,2층(201호))",043-212-0031
장미,"충청북도 청주시 청원구 오창읍 중심상업로 17, 5층 (오창프라자)",043-216-0088
원마루안마원,충청북도 청주시 서원구 원마루로14번길 10 (분평동),
수안마시술소,"충청북도 청주시 청원구 오창읍 중심상업로 39, 2층 205,206,207,208호 (오창온천)",043-211-5759
건강안마원,"충청북도 청주시 상당구 산성로25번길 30, 2층 (탑동)",043-253-7596
도솔안마원,충청북도 청주시 서원구 청남로 1999 (분평동),043)287-0626
젤리안마시술소,"충청북도 청주시 흥덕구 풍년로 185, 3층 (가경동, 파라지오)",043-234-9292
청주온천88안마,"충청북도 청주시 흥덕구 직지대로635번길 1, 1층2층3층 (봉명동)",272-3333
우리들연합안마원,충청북도 청주시 서원구 사직대로 164  (사창동),272-2030
경락약손안마원,"경기도 시흥시 중심상가로 161, 407호 (정왕동, 그라미아빌딩)",031-432-6282
시흥효자약손안마원,"경기도 시흥시 도일로 110-2, 503호 (거모동, 시흥빌딩)",031-494-4475
더블유(W)안마시술소,"경기도 시흥시 평안상가4길 22, 4,5층 (정왕동)",031-434-2355
맑은손지압안마원,"경기도 구리시 건원대로 36, 화성골드프라자 3층 307호 (인창동)",031-553-5006
효지압안마원,"경기도 구리시 검배로 89, 201호 (수택동)",031-555-5991
하니안마시술소,경기도 시흥시 호현로10번길 33 (신천동),031-311-2262
예손지압안마원,"경기도 시흥시 은계호수로 49, 시흥 센트럴돔 그랑트리 캐슬 3층 3033호~3034호 (은행동)",031-315-8677
델타안마시술소,"경기도 구리시 체육관로171번길 7, 4,5층 (교문동)",
뉴에이스안마시술소,경기도 안성시 중앙로 366 (석정동),
벤츠안마시술소,경기도 시흥시 중심상가1길 3-6 (정왕동),031-434-2787
장수건강안마원,"경기도 남양주시 금곡로 50, 302호 (금곡동, 대성빌딩)",031-559-4788
백세지압안마원,경기도 남양주시 진접읍 장현로 77 (장현프라자),070-8621-8945
석민안마시술소,"경기도 남양주시 금곡로 43, 6층 (금곡동)",031-591-2104
웰빙케어안마원,경기도 남양주시 화도읍 마석중앙로37번길 47,591-5188
덕소안마원,"경기도 남양주시 와부읍 수레로 12, 2층",031-577-2230
평강안마원,"서울특별시 구로구 새말로 102, 신도림포스빌 401호 (구로동)",860-8275
건강안마원,"서울특별시 구로구 고척로4길 7, 1층 (오류동)",02-2685-0116
약손헬스케어안마원,"서울특별시 구로구 개봉로6길 8, 에스엠벨리체 2층 201호 (개봉동)",02-2685-2065
키프러스안마원,"서울특별시 마포구 삼개로5길 8, 2층 (도화동)",02-703-7959
바른마사지마마안마원,"서울특별시 마포구 양화로 68, 2층 (서교동)",365-2225
참손길안마원,"서울특별시 마포구 성지길 25-11, 2층 (합정동)",1670-3175
동일지압안마원,서울특별시 동작구 동작대로17길 11 (사당동),585-0238
한강안마원,"서울특별시 동작구 노량진로 206 (노량진동,3층 301호)",814-5114
참손길안마원,"서울특별시 동작구 동작대로 83, 헤라피스빌딩 4층 (사당동)",070-5055-1887
약손지압안마원,"서울특별시 동작구 동작대로 89, 골든시네마타워 402호 (사당동)",582-8275
쌍마안마시술소,"서울특별시 동대문구 전농로 12, 3층 (답십리동)",2242-6011
흥일안마시술소,"서울특별시 동대문구 난계로 244, 2층 (신설동)",2234-7194
건강지압안마원,"서울특별시 동대문구 보문로 18 (신설동,보문로 16)",953-5050
덕성안마시술소,"서울특별시 구로구 디지털로32길 97-22 (구로동, 지하1층)",
메디칼지압안마원,"서울특별시 구로구 구로동로26길 8, 기산빅프라자 7층 (구로동)",02-855-7576
무병장수안마원,"서울특별시 동대문구 왕산로33길 21 (제기동,2층)",969-1475
늘푸른안마원,"서울특별시 동대문구 망우로21가길 4, 2층층 (휘경동)",
참좋은지압안마원,"서울특별시 동대문구 왕산로 247-1, 202호 (청량리동)",
청량리명안마원,"서울특별시 동대문구 왕산로 228, 2층 (전농동)",961-8100
명품체질지압안마원,서울특별시 동대문구 경동시장로10길 2 (제기동),921-0696
김기태안마원,"서울특별시 동대문구 약령중앙로4길 9, 2층 (제기동)",
동작약손지압안마원,"서울특별시 동작구 노량진로 110, 307호 (노량진동)",02-822-9575
탑(TOP)안마시술소,"서울특별시 동대문구 왕산로 138-1, 2~5층 (용두동)",967-4121
서울건강안마원,"서울특별시 동작구 여의대방로 134-1, 3층 (대방동)",825-9988
코리아보건안마원,"서울특별시 강서구 공항대로 186, 로뎀타워 208호 (마곡동)",02-2690-3382
마곡지압안마원,"서울특별시 강서구 강서로 462, 2층 203호 (등촌동, 대룡드림타워-1)",236652678
리커버리마사지안마원,"서울특별시 강서구 마곡중앙6로 65, 403호 (마곡동, 지투프라자)",226587588
8복안마원,"서울특별시 강서구 곰달래로53가길 13, 지층 (화곡동)",220615515
나클린안마원,"서울특별시 도봉구 마들로 624, 상가동 206호 (방학동, 대상타운현대아파트)",995-4000
가나안마시술소,"서울특별시 도봉구 도봉로 575, 602호 (쌍문동, 삼환프라자)",
심광안마원,서울특별시 도봉구 노해로60길 26 (쌍문동),02-900-5173
묘한안마원,"서울특별시 도봉구 마들로 724, 223호 (도봉동, 도봉한양수자인)",
클린안마센터제서울7호점 안마원,"서울특별시 도봉구 해등로 118, 상가동 205호 (창동, 상아1차아파트)",02-907-1116
도봉안마원,서울특별시 도봉구 노해로60길 104 (쌍문동),900-6889
강서지압안마원,"서울특별시 강서구 강서로 385, 1004호 (마곡동, 우성에스비타워)",02-2662-7722
강서119안마원,"서울특별시 강서구 화곡로31길 67, 지층층 (화곡동)",02-2661-1375
미성안마시술소,"서울특별시 강서구 강서로 454, 7층 (등촌동)",02-2628-7544
씨티안마시술소,서울특별시 마포구 양화로 118 (서교동),02-322-2258
성산안마원,서울특별시 마포구 월드컵북로27길 10 (성산동),02-372-4126
몸사랑지압안마원,"서울특별시 마포구 서강로 55, 서강쌍용예가 근린생활시설(2단지)211,212호 (창전동)",332-2809
성심건강안마원,서울특별시 도봉구 노해로 341 (창동),905-9663
정골약손안마원,"서울특별시 도봉구 해등로 200, 3층 (쌍문동)",02-900-5997
조아손안마원,"서울특별시 도봉구 노해로63길 84-9 (창동, 창동 SR스타빌)",02-996-7754
엔자임힐링마사지전통경락안마원,"서울특별시 마포구 만리재옛길 8, 2층 (신공덕동)",719-2234
밀알안마원,"서울특별시 마포구 월드컵북로 184, 2층 우측호 (성산동)",335-1009
엔젤안마시술소,서울특별시 마포구 백범로4길 12 (노고산동),02-702-3266
힐링스토리안마원,"서울특별시 노원구 노해로 509, 3층 (상계동, 대국빌딩)",931-5550
우거리물리안마원,서울특별시 노원구 상계로23길 7 (상계동),02-939-0507
약손경락안마원,"서울특별시 서대문구 세무서길 84, 3층 (홍제동)",394-6969
영광지압힐링안마원,"서울특별시 서대문구 북아현로 26-10, 1층 (북아현동)",365-1135
독립문약손지압안마원,"서울특별시 서대문구 통일로 201-1, 3층 (영천동)",02-445-6060
약손119안마원,"서울특별시 서대문구 신촌역로 4, 2층 (대현동)",332-4300
편백 힐링 안마원,"서울특별시 중랑구 면목로 456, 1층 (면목동, 한성빌딩)",02-433-9675
에이스안마시술소,서울특별시 중랑구 봉우재로33길 94 (상봉동),02-2209-6345
코코안마시술소,서울특별시 중랑구 망우로60길 31 (망우동),02-435-2212
해동힐링안마원,"서울특별시 중랑구 봉화산로 40, 한훈빌딩 2층 (중화동)",02-433-6887
케이에스약손명가안마원,"서울특별시 중랑구 면목로39길 8, 4층 (면목동)",02-438-3375
건강클리닉안마원,"서울특별시 성북구 한천로78길 36, 2층 (석관동)",969-0511
동일지압안마원,"서울특별시 중랑구 봉화산로 194, 신아타운 9층 913~914호 (신내동)",02-3423-3222
라파엘안마원,"서울특별시 중랑구 면목로33길 27-7, 101호 (면목동)",02-416-3806
킴스약손케어안마원,"서울특별시 중랑구 망우로 332, 5층 (상봉동)",02-491-3435
우리안마원,"서울특별시 종로구 사직로8길 42, 101동 719호 (내수동,벽산광화문시대)",02-725-3298
강지압 안마원,"서울특별시 종로구 진흥로 432 (구기동,4층 3,4호)",02-379-3705
카타리나안마원,"서울특별시 종로구 필운대로 15, 2층 (필운동)",736-5965
닥터수안마원,"서울특별시 종로구 대학로12길 69, 4층 (동숭동)",02-743-2333
효자약손지압안마원,"서울특별시 종로구 자하문로 81, 2층 (신교동)",02-2231-7579
스타트안마시술소,서울특별시 서초구 반포대로12길 33 (서초동),523-1086
도암안마원,"서울특별시 서초구 방배로13길 18 (방배동,방배아크로타워 213,214호)",583-7553
춘강안마원,"서울특별시 서초구 효령로21길 10, 1층 (방배동, 자이빌리지)",02-3471-7734
젠틀맨안마시술소,"서울특별시 성동구 천호대로 282, 남주빌딩 4, 5층 (용답동)",02-2243-3787
VIP안마시술소,서울특별시 성동구 아차산로 93 (성수동2가),02-497-4448
내몸에약손안마원,"서울특별시 성북구 동소문로20나길 47, 코아루센타시아 209, 210호 (동선동1가)",02-923-7577
약손케어안마원,"서울특별시 성북구 삼양로12길 7 (길음동,지하1층)",02-985-7572
푸른숲안마원,"서울특별시 성북구 동소문로 248, 102동 2층 2호 (길음동, 삼부아파트상가)",02-909-7997
약손안마원,"서울특별시 서초구 방배로 134, 2층 (방배동)",532-5630
강남안마나라,"서울특별시 서초구 서초대로78길 44, 2층 (서초동, 나산스위트)",02-3473-8787
명인지압안마원,"서울특별시 서초구 서초대로 306 (서초동, 서초1동우편취급소)",
가가보건안마원,서울특별시 서초구 동광로12가길 12 (방배동),
아바통증완화클리닉안마원,"서울특별시 서초구 서초중앙로 107, 502호 (서초동)",522-2523
힐링캠프훈풀어드림안마원,"서울특별시 서초구 서초중앙로24길 18 (서초동, 5층)",573-3007
힐링투유안마원,"서울특별시 성북구 아리랑로 24, 2층 (동선동5가)",02-928-2754
힐링터치안마원,"서울특별시 성북구 돌곶이로 75, 4층 (석관동, 용호빌딩)",
중앙건강안마원,"서울특별시 서초구 서초중앙로22길 105, 3층 (서초동)",
티파니안마시술소,서울특별시 서초구 서초대로78길 46 (서초동),523-6357
제일전통안마원,"서울특별시 성동구 고산자로 253, 301호 (도선동, 다남매 Tower)",02-2226-6007
승록자극요법안마원,서울특별시 성동구 금호산9가길 34 (금호동3가),02-2238-9087
라파건강안마원,"서울특별시 성동구 행당로 87, 지하207호 (행당동, 대림리빙프라자)",02-2291-7579
팜스케어안마원,"서울특별시 송파구 가락로 115 (석촌동,3층)",424-5707
텐안마시술소,서울특별시 송파구 석촌호수로 220 (석촌동),02-412-9945
청평안마원,"서울특별시 송파구 백제고분로 276 (석촌동,공익빌딩 405호)",4137040
건강한지압안마원,"서울특별시 송파구 백제고분로48길 4, 3층 (방이동)",02-371-0816
영안마시술소,"서울특별시 송파구 오금로11길 11-8, 현대드림밸리 지하1층 (방이동)",02-425-3633
전통약손안마원,"서울특별시 은평구 통일로 833-5, 2층 201,202호 (대조동)",02-389-3897
이조은안마원,"서울특별시 은평구 통일로67길 11, 201호 (대조동, 해오름시티)",02-354-8575
은평건강안마원,서울특별시 은평구 은평로13길 3-1 (응암동),02-358-9675
가고파안마원,"울산광역시 남구 봉월로 162, 2층층 (신정동)",227-1003
손박사지압안마원,"서울특별시 영등포구 여의대방로 197, 2층 (신길동)",02-822-4441
힐링안마수기센터,"광주광역시 서구 치평로 116, 3층 304호 (치평동, 월계수타운)",
미건 약손 지압센타,"광주광역시 서구 하남대로 700, 대영빌딩 3층 302호 (동천동)",062-528-7575
태양안마원,"경기도 이천시 서희로 45, 2층 (중리동)",
보은통증지압안마원,"대전광역시 동구 동산초교로 29, 1층 (홍도동)",042-631-7374
약손공간지압안마원,"경기도 부천시 경인로3번길 24, 2층4호 2층5호일부호 (송내동, 송내동성호아파트)",032-666-8588
전통경락안마원,"경상북도 경주시 동문로 64, 장미동산 타워 상가동 204호 (성동동)",
영종안마원,"인천광역시 중구 영종대로 100, 신성하우스빌 2층 204호 (운서동)",032-752-2080
밝은세상안마원 두류역점,"대구광역시 달서구 두류공원로 267, 2층 (두류동)",053-658-8885
대명안마원,"서울특별시 강서구 까치산로 23-9, 주병빌딩 3층 (화곡동)",226032354
우리전통안마원,"부산광역시 연제구 과정로 202, 2층 (연산동)",
참손길힐링센터,"서울특별시 금천구 가산디지털1로 171, 가산 에스케이 브이원 센터 206호 (가산동)",269563175
수성매니어건강안마원,"대구광역시 수성구 범어로16길 14, 2층 (범어동)",053-754-8388
힐링안마원,"경기도 동두천시 강변로454번길 2, 1층 (생연동)",
톡톡건강안마원,"부산광역시 해운대구 대천로 205, 303호 (좌동, 벽산1차아파트)",
참손길지압힐링안마원,"서울특별시 강서구 공항대로 269-15, 힐스테이트에코마곡 318호 (마곡동)",15448538
천마힐링안마원,"경기도 남양주시 화도읍 먹갓로 64, 104호",031-559-7001
정다운안마원,"부산광역시 사하구 다대로 704, 몰운대종합시장상가 4층 401호 (다대동)",051-262-3089
가온안마지압원,"부산광역시 수영구 수영로 691-10, 2층 (수영동)",051-759-7577
건강지압센타참손,"광주광역시 광산구 첨단중앙로68번길 99, 상가동 2층 213-3호 (산월동, 호반리젠시빌)",629727579
가람안마센터,"인천광역시 중구 하늘별빛로65번길 7-9, 스카이타워 502호 (중산동)",032-751-3746
라파지압안마원,"경상남도 양산시 물금읍 청운로 185, 오즈시티 2층 209호",055-383-0499
스머프 안마시술소,"충청북도 제천시 용두천로 10, 1~3층 (영천동)",
푸른안마치유센타,전라남도 영암군 영암읍 천황사로 53,471-0770
더나은안마원,"서울특별시 도봉구 도봉로153길 13, 2층 (방학동)",
평강안마지압원,광주광역시 북구 자동차로47번길 36 (임동),062-527-6664
건강지압안마원,"부산광역시 부산진구 가야대로 761, 3층 (부전동)",051-711-6722
따뜻한 손 안마원,경기도 양평군 양평읍 남북로 9,
찐지압안마원,"서울특별시 관악구 관악로 234, 2층 (봉천동)",
약손안마원,"충청북도 충주시 충인8길 30-1, 1층 (충인동)",043-844-7495
참편안안마원,경상남도 진주시 의곡길 3 (평안동),
찐안마원,"부산광역시 동래구 명장로 56-1, 2층 (명장동)",051-532-8585
효자손안마원,"대구광역시 북구 팔달로33길 16-18, 4층 (노원동3가)",533517780
우리케어 안마원,경기도 동두천시 동두천로 340-17 (생연동),
무병장수안마원,"경상남도 함안군 가야읍 가야10길 13, 7호 (전원아파트)",055-582-7006
인천중앙안마원,"인천광역시 남동구 구월로 235, 지하1층 일부호 (구월동)",
쿠라시온안마원,"경기도 성남시 분당구 황새울로258번길 32, 코리아나빌딩 307호 (수내동)",031-714-8897
임성택안마원,"대구광역시 달서구 성서로 374, 3층 (이곡동)",535851171
상주척추안마원,경상북도 상주시 동수로 69(서문동),054-564-0298
서현지압안마센터,"경기도 부천시 소사로 775, 2층일부 (원종동)",032-673-7274
활기지압안마원,"경기도 수원시 영통구 효원로 393, 밀래니엄프라자 307호 (매탄동)",312124588
동해건강안마센타안마원,"강원도 동해시 한섬로 55, 현대열쇠 1층 (천곡동)",
A 안마시술소,"울산광역시 동구 방어진순환도로 602-1, 4,5층 (화정동)",
추나안마원,"경기도 고양시 덕양구 내유길 38-22, 지1층 비100호 (내유동)",
제일약손지압안마원,"경상남도 사천시 사천읍 정의길 41, 1층",055-855-9675
웰빙안마시술소,"서울특별시 송파구 송파대로28길 32, 올림피아오피스텔 B1층 (가락동)",02-443-0231
약손안마원,"경기도 가평군 조종면 조종새싹로 20-5, 현대정육점",
동암안마원,"인천광역시 부평구 열우물로87번길 33, 1층 2호 (십정동)",
장성안마원,"경상북도 포항시 북구 새천년대로1076번길 27-6, 3층 (두호동)",
